boro_cd,snap_recipients,pop_2010,snap_rate,provider_count,total_hours,access_score,need_t,access_t
203,41931.0,79762.0,0.5257014618490008,11,63.0,0.7898498031644141,2,2
201,44550.0,91497.0,0.48690120987573365,16,82.0,0.8962042471337858,2,2
206,38348.0,83268.0,0.4605370610558678,7,37.5,0.45035307681222075,2,2
205,54154.0,128200.0,0.42241809672386893,11,32.5,0.25351014040561626,2,1
202,21750.0,52246.0,0.41629981242583164,9,49.5,0.9474409524174099,2,2
316,35879.0,86468.0,0.41493963084609337,16,49.0,0.5666836286256187,2,2
204,56055.0,146441.0,0.38278214434482144,13,37.5,0.2560758257591795,2,1
312,71512.0,191382.0,0.3736610548536435,6,27.5,0.14369167424313675,2,0
305,64930.0,182896.0,0.35501049776922405,23,58.5,0.31985390604496544,2,1
207,48221.0,139286.0,0.3462013411254541,7,51.5,0.36974283129675634,2,2
111,39506.0,120511.0,0.32782069686584625,9,80.5,0.6679888142991096,2,2
209,55458.0,172298.0,0.3218725696177553,14,35.0,0.20313642642398635,2,1
313,32981.0,104278.0,0.31627956040583827,8,35.25,0.3380387042329158,2,1
301,52991.0,173083.0,0.3061594726229612,4,36.0,0.20799269714530022,2,1
303,43980.0,152985.0,0.28747916462398276,15,52.5,0.3431708991077556,2,1
212,42967.0,152344.0,0.28203933203801923,11,36.0,0.23630730452134643,2,1
414,31449.0,114978.0,0.27352189114439285,8,39.0,0.33919532432291394,2,1
110,29151.0,115723.0,0.2519032517304252,16,71.5,0.6178547047691471,2,2
211,27661.0,113232.0,0.2442860675427441,2,6.0,0.052988554472233995,2,0
112,45556.0,190020.0,0.23974318492790234,9,36.0,0.18945374171139878,2,0
412,51901.0,225919.0,0.22973278033277414,41,114.5,0.5068188155931993,1,2
501,39523.0,175756.0,0.22487425749334305,15,50.0,0.284485309178634,1,1
311,39770.0,181981.0,0.21853929805858854,8,53.75,0.29536050466806973,1,1
317,33681.0,155252.0,0.21694406513281633,30,104.0,0.6698786489062942,1,2
103,35264.0,163277.0,0.21597653068099,10,45.5,0.2786675404374162,1,1
309,21101.0,98429.0,0.2143778764388544,11,38.0,0.3860650824452143,1,2
314,32784.0,160664.0,0.2040531793058806,11,30.5,0.18983717572075887,1,1
308,19283.0,96317.0,0.20020349471017576,6,19.0,0.19726528027243376,1,1
315,31160.0,159650.0,0.19517694957720014,3,12.0,0.07516442217350454,1,0
109,20830.0,110193.0,0.1890319711778425,11,87.5,0.79406132875954,1,2
208,19109.0,101731.0,0.18783851530015433,2,12.0,0.11795814451838674,1,0
304,21150.0,112634.0,0.1877763375179786,6,27.5,0.24415363034252535,1,1
210,21886.0,120392.0,0.18178948767359956,4,10.5,0.08721509734866105,1,0
307,21671.0,126230.0,0.17167868177136972,4,21.0,0.1663629881961499,1,0
409,24413.0,143317.0,0.17034266695507164,7,22.0,0.15350586462178248,1,0
318,30335.0,193543.0,0.156735195796283,14,130.5,0.6742687671473523,1,2
404,26792.0,172598.0,0.15522775466691388,4,9.0,0.052144289041587966,1,0
310,19009.0,124491.0,0.1526937690274799,3,8.5,0.06827802813054759,1,0
410,18497.0,122396.0,0.15112421974574333,6,10.5,0.08578711722605314,1,0
407,37303.0,247354.0,0.1508081534966081,4,12.5,0.050534860968490504,0,0
408,22231.0,151107.0,0.1471209143189925,6,27.5,0.18199024532285069,0,0
502,18923.0,132003.0,0.14335280258781996,4,46.5,0.3522647212563351,0,2
302,13889.0,99617.0,0.13942399389662408,10,42.0,0.42161478462511415,0,2
403,23797.0,171576.0,0.1386965542966382,11,38.5,0.22439035762577517,0,1
401,25154.0,191105.0,0.1316239763480809,7,71.5,0.37413987075168104,0,2
104,13165.0,103245.0,0.12751222819506997,8,40.0,0.3874279626132016,0,2
413,22787.0,188593.0,0.12082632971531287,19,39.0,0.20679452577773302,0,1
406,13484.0,113257.0,0.11905665874956957,4,101.0,0.891777108699683,0,2
405,19417.0,169190.0,0.1147644659849873,6,14.5,0.08570246468467403,0,0
402,12530.0,113200.0,0.11068904593639577,5,14.0,0.12367491166077738,0,0
306,9687.0,104709.0,0.09251353751826491,7,44.75,0.42737491524128773,0,2
105,4779.0,51673.0,0.09248543726897993,5,49.0,0.94827085712074,0,2
411,10132.0,116431.0,0.08702149771109069,1,13.0,0.11165411273629876,0,0
503,13854.0,160209.0,0.08647454262869127,3,6.5,0.04057200282131466,0,0
107,16309.0,209084.0,0.07800214267949723,6,28.0,0.13391746857722256,0,0
106,6827.0,142745.0,0.047826543836911976,1,0.75,0.005254124487722862,0,0
101,2203.0,60978.0,0.0361277837908754,0,0.0,0.0,0,0
108,6730.0,219920.0,0.0306020371044016,6,49.25,0.22394507093488542,0,1
102,2708.0,90016.0,0.030083540703874867,4,19.333333333333332,0.21477663230240548,0,1
