nta2020,ntaname,boroname,fi_rate,access_e2sfca,pop_2020,need_pct,access_pct,equity_index,rank,need_t,access_t
BK1303,Brighton Beach,Brooklyn,0.2227,0.6416680642331386,33568,0.8223350253807107,0.18781725888324874,0.8172431186801262,1,2,0
BX1001,Westchester Square,Bronx,0.21309999999999998,0.5209793024997189,17376,0.7918781725888325,0.16751269035532995,0.8119288943403942,2,2,0
BX0802,Kingsbridge-Marble Hill,Bronx,0.24960000000000002,0.8174119041265662,22807,0.868020304568528,0.24873096446700507,0.8075374771713413,3,2,0
BX1104,Allerton,Bronx,0.2354,0.9167985982057869,34623,0.8375634517766497,0.26903553299492383,0.782450715451683,4,2,0
MN0301,Chinatown-Two Bridges,Manhattan,0.262,1.0619245368991457,42556,0.8934010152284264,0.3197969543147208,0.7795473632671053,5,2,0
BK1201,Sunset Park (East)-Borough Park (West),Brooklyn,0.2214,0.9043703675770083,35632,0.817258883248731,0.2639593908629442,0.7755873427597088,6,2,0
QN0707,Flushing-Willets Point,Queens,0.20929999999999999,0.7638723035040665,69879,0.7614213197969543,0.22842639593908629,0.7664806533269796,7,2,0
QN0402,Corona,Queens,0.19829999999999998,0.5314799944653714,73822,0.6903553299492385,0.17258883248730963,0.7557828454998883,8,2,0
BX0501,University Heights (South)-Morris Heights,Bronx,0.2818,1.5350466708156987,54682,0.9543147208121827,0.4213197969543147,0.7431305648465015,9,2,1
BK1202,Borough Park,Brooklyn,0.22769999999999999,1.125145823741286,93905,0.8324873096446701,0.34517766497461927,0.7383300643889019,10,2,1
BX1101,Pelham Parkway-Van Nest,Bronx,0.20670000000000002,1.0262138444295785,32425,0.7411167512690355,0.3096446700507614,0.7152858864490778,11,2,0
BX0801,Kingsbridge Heights-Van Cortlandt Village,Bronx,0.2253,1.3496877181575326,35777,0.8274111675126904,0.39086294416243655,0.709934364956227,12,2,1
BX1003,Pelham Bay-Country Club-City Island,Bronx,0.1773,0.6194906429185127,29462,0.5989847715736041,0.18274111675126903,0.6996610790227222,13,1,0
BX1102,Morris Park,Bronx,0.1686,0.28467536111870306,25077,0.5431472081218274,0.10152284263959391,0.6985738039617148,14,1,0
BX0901,Soundview-Bruckner-Bronx River,Bronx,0.24609999999999999,1.699452235252696,74342,0.8578680203045685,0.45685279187817257,0.6826042925190448,15,2,1
BX0904,Parkchester,Bronx,0.2121,1.5148393837512204,33602,0.7868020304568528,0.41624365482233505,0.6777172549654157,16,2,1
BX1002,Throgs Neck-Schuylerville,Bronx,0.1659,0.45482555614265185,48116,0.5253807106598984,0.1319796954314721,0.6753081700093926,17,1,0
QN0101,Astoria (North)-Ditmars-Steinway,Queens,0.1595,0.010066919888653558,50225,0.4720812182741117,0.05583756345177665,0.6676236614248621,18,1,0
QN1402,Rockaway Beach-Arverne-Edgemere,Queens,0.21030000000000001,1.6480753034143443,41367,0.7817258883248731,0.4416243654822335,0.6606789605491957,19,2,1
BK1002,Dyker Heights,Brooklyn,0.1761,0.8986792689367815,46756,0.583756345177665,0.25888324873096447,0.6577473725304851,20,1,0
BK1502,Madison,Brooklyn,0.1634,0.4906765021015221,41465,0.5076142131979695,0.15736040609137056,0.6540151637931535,21,1,0
QN0102,Old Astoria-Hallets Point,Queens,0.1998,1.2451294701881341,18927,0.6954314720812182,0.38578680203045684,0.6535619239488115,22,2,1
MN1202,Washington Heights (North),Manhattan,0.20149999999999998,1.409360492728586,71842,0.7055837563451777,0.39593908629441626,0.6528518733630823,23,2,1
BK0504,Spring Creek-Starrett City,Brooklyn,0.24420000000000003,1.9893020807624693,17038,0.8527918781725888,0.5076142131979695,0.6479989196845868,24,2,1
BK0103,South Williamsburg,Brooklyn,0.2758,2.2181735796222855,47703,0.9289340101522843,0.5482233502538071,0.6478199556527222,25,2,1
BK0703,Sunset Park (Central),Brooklyn,0.21660000000000001,1.8582269754041931,55606,0.8071065989847716,0.49238578680203043,0.6400771681684513,26,2,1
BK0401,Bushwick (West),Brooklyn,0.196,1.4370274532091827,58692,0.6802030456852792,0.4010152284263959,0.6383034278017522,27,2,1
BK0505,East New York-City Line,Brooklyn,0.1801,1.1590238479747024,45559,0.6269035532994924,0.350253807106599,0.6382226861117446,28,1,1
MN1201,Washington Heights (South),Manhattan,0.26780000000000004,2.2491538455958344,72037,0.9137055837563451,0.5583756345177665,0.6352280288714988,29,2,1
BX0902,Soundview-Clason Point,Bronx,0.24239999999999998,2.1935549555867566,37297,0.8477157360406091,0.5380710659898477,0.6257670703167995,30,2,1
BK1204,Mapleton-Midwood (West),Brooklyn,0.16870000000000002,0.9779790193688778,39137,0.550761421319797,0.2893401015228426,0.6256229341706248,31,1,0
QN0705,East Flushing,Queens,0.1744,1.0798255422338157,34704,0.5786802030456852,0.3248730964467005,0.6250460572068495,32,1,0
BK1102,Bath Beach,Brooklyn,0.163,0.7348978654416184,33070,0.5025380710659898,0.2233502538071066,0.6247367968558176,33,1,0
BX0403,Mount Eden-Claremont (West),Bronx,0.2778,2.3597173743436297,49651,0.934010152284264,0.583756345177665,0.6235188845800644,34,2,1
QN0701,College Point,Queens,0.1484,0.0,33625,0.39593908629441626,0.02030456852791878,0.6228159551455548,35,1,0
QN0704,Murray Hill-Broadway Flushing,Queens,0.15710000000000002,0.4220150792605125,57387,0.4365482233502538,0.12690355329949238,0.617372418091808,36,1,0
BK1503,Sheepshead Bay-Manhattan Beach-Gerritsen Beach,Brooklyn,0.1553,0.25835064196143875,69084,0.4213197969543147,0.09644670050761421,0.616996671530352,37,1,0
BK1403,Midwood,Brooklyn,0.1783,1.2140180095125086,52891,0.6040609137055838,0.3756345177664975,0.6141292890623252,38,1,1
QN0502,Ridgewood,Queens,0.1681,0.9893527488750415,66402,0.5380710659898477,0.29949238578680204,0.6139404520909991,39,1,0
BX0703,Norwood,Bronx,0.2468,2.3445168040731286,43466,0.8629441624365483,0.5786802030456852,0.602972187833467,40,2,1
BX0502,Mount Hope,Bronx,0.27899999999999997,2.5189231042882363,49099,0.9390862944162437,0.6142131979695431,0.6019028977779346,41,2,1
BX0701,University Heights (North)-Fordham,Bronx,0.27949999999999997,2.5852173366291114,46538,0.9441624365482234,0.6192893401015228,0.5995437467521684,42,2,1
BK0102,Williamsburg,Brooklyn,0.1648,1.0228970362874932,64444,0.5126903553299492,0.30456852791878175,0.5971105496714569,43,1,0
QN0601,Rego Park,Queens,0.1573,0.6911568042866577,30741,0.4416243654822335,0.20304568527918782,0.5932574850407762,44,1,0
MN1203,Inwood,Manhattan,0.20370000000000002,2.0236017129586643,36299,0.7258883248730964,0.5177664974619289,0.5916482648965063,45,2,1
QN0706,Queensboro Hill,Queens,0.1479,0.17631257608042863,23638,0.38071065989847713,0.08121827411167512,0.5914304668899006,46,1,0
BK0101,Greenpoint,Brooklyn,0.1574,0.7098718654345085,38980,0.4467005076142132,0.2182741116751269,0.5909292268367614,47,1,0
SI0107,Mariner's Harbor-Arlington-Graniteville,Staten Island,0.14800000000000002,0.29857876507822756,33492,0.3883248730964467,0.1065989847715736,0.5890075006846818,48,1,0
QN0501,Maspeth,Queens,0.14800000000000002,0.31821757286816893,43257,0.3883248730964467,0.116751269035533,0.5856513052699313,49,1,0
BX0903,Castle Hill-Unionport,Bronx,0.21530000000000002,2.327941416171063,41420,0.8020304568527918,0.5736040609137056,0.5847927238137935,50,2,1
BK1101,Bensonhurst,Brooklyn,0.187,1.7259700847445727,104934,0.6395939086294417,0.4720812182741117,0.5810797165991547,51,1,1
BK1001,Bay Ridge,Brooklyn,0.1593,0.9564110455442401,86779,0.467005076142132,0.27918781725888325,0.5801921649636365,52,1,0
BK0702,Sunset Park (West),Brooklyn,0.1801,1.7164784897530228,54473,0.6269035532994924,0.467005076142132,0.5780453370256435,53,1,1
MN0903,Hamilton Heights-Sugar Hill,Manhattan,0.2191,2.4298404911729667,49410,0.8121827411167513,0.5888324873096447,0.5778781510967597,54,2,1
QN0103,Astoria (Central),Queens,0.1607,1.0946826835154502,52220,0.49238578680203043,0.3350253807106599,0.5722097964227477,55,1,0
BK0501,Cypress Hills,Brooklyn,0.17010000000000003,1.536933113947436,43256,0.5685279187817259,0.4263959390862944,0.5710603496619384,56,1,1
BX1203,Wakefield-Woodlawn,Bronx,0.1659,1.223189926703762,47657,0.5253807106598984,0.38071065989847713,0.5704057096546612,57,1,1
QN0301,Jackson Heights,Queens,0.1764,1.677521719411324,101848,0.5913705583756346,0.4517766497461929,0.5693883988580686,58,1,1
QN0904,Ozone Park (North),Queens,0.16149999999999998,1.1640741329856628,27312,0.49746192893401014,0.3553299492385787,0.5663027520485513,59,1,1
BX0601,West Farms,Bronx,0.3494,2.998410479925141,20147,1.0,0.6802030456852792,0.5655059277449891,60,2,2
QN0104,Astoria (East)-Woodside (North),Queens,0.17,1.6411835654237052,38673,0.5634517766497462,0.4365482233502538,0.5634517766497462,61,1,1
BX0402,Highbridge,Bronx,0.2585,2.9071301753955905,32456,0.883248730964467,0.6649746192893401,0.543976784756094,62,2,1
MN0201,SoHo-Little Italy-Hudson Square,Manhattan,0.1418,0.4862736207898172,23287,0.3401015228426396,0.14720812182741116,0.5385497344111612,63,1,0
BK0701,Windsor Terrace-South Slope,Brooklyn,0.1374,0.21272283542638676,23622,0.30456852791878175,0.08629441624365482,0.5275281647417901,64,0,0
QN0905,Woodhaven,Queens,0.142,0.6771533076265631,41948,0.34517766497461927,0.19796954314720813,0.5261587216182716,65,1,0
QN0401,Elmhurst,Queens,0.157,1.1828877612006217,107864,0.43147208121827413,0.3604060913705584,0.5253255323043758,66,1,1
QN0805,Jamaica Hills-Briarwood,Queens,0.16870000000000002,1.981879150291274,39292,0.550761421319797,0.5025380710659898,0.5234337007035211,67,1,1
BX1202,Eastchester-Edenwald-Baychester,Bronx,0.1696,2.0020545383360306,51736,0.5583756345177665,0.5126903553299492,0.521633810301122,68,1,1
QN0802,Pomonok-Electchester-Hillcrest,Queens,0.16,1.538380464561807,35669,0.47715736040609136,0.43147208121827413,0.5208428563809405,69,1,1
MN0303,East Village,Manhattan,0.20679999999999998,2.812724775021579,71436,0.7461928934010152,0.6395939086294417,0.5185869879963704,70,2,1
MN0701,Upper West Side-Lincoln Square,Manhattan,0.1405,0.6593270650062539,70697,0.3299492385786802,0.19289340101522842,0.5160467108575091,71,0,0
MN1101,East Harlem (South),Manhattan,0.2534,3.076418781976209,59814,0.8730964467005076,0.6954314720812182,0.5156720852467125,72,2,2
QN1403,Breezy Point-Belle Harbor-Rockaway Park-Broad Channel,Queens,0.1364,0.22634690685431494,24134,0.2918781725888325,0.09137055837563451,0.5149845638285977,73,0,0
MN0601,Stuyvesant Town-Peter Cooper Village,Manhattan,0.1467,0.9783471072258662,22512,0.37055837563451777,0.29441624365482233,0.511331566232098,74,1,0
BX1201,Williamsbridge-Olinville,Bronx,0.2026,2.8660911716143476,61346,0.7208121827411168,0.649746192893401,0.502461153935201,75,2,1
QN1201,Jamaica,Queens,0.20440000000000003,2.881319662449528,60993,0.7309644670050761,0.6548223350253807,0.5023072843392075,76,2,1
MN0402,Hell's Kitchen,Manhattan,0.1702,2.285093523148697,59524,0.5736040609137056,0.5685279187817259,0.4974878269442281,77,1,1
BX0503,Fordham Heights,Bronx,0.2865,3.44737296037772,32099,0.9593908629441624,0.7461928934010152,0.49345741358435485,78,2,2
QN0202,Sunnyside,Queens,0.1591,1.801889167045826,52278,0.4619289340101523,0.47715736040609136,0.49144291953661157,79,1,1
QN0702,Whitestone-Beechhurst,Queens,0.1326,0.0,28408,0.2436548223350254,0.02030456852791878,0.4885770321021712,80,0,0
BX1004,Co-op City,Bronx,0.1386,0.8135195393297919,37369,0.3147208121827411,0.2436548223350254,0.487890939253047,81,0,0
BK1602,Brownsville,Brooklyn,0.2797,3.4781663595193404,60470,0.949238578680203,0.7563451776649747,0.4809226104498278,82,2,2
BK1302,Coney Island-Sea Gate,Brooklyn,0.2594,3.366577987759898,49517,0.8883248730964467,0.7411167512690355,0.4795544067941925,83,2,2
BK1501,Gravesend (East)-Homecrest,Brooklyn,0.1832,2.8566989619888132,52797,0.6345177664974619,0.6446700507614214,0.47482961761090625,84,1,1
BK0104,East Williamsburg,Brooklyn,0.2134,3.2033903828203876,52998,0.7969543147208121,0.7208121827411168,0.47169898831983154,85,2,2
QN1001,South Ozone Park,Queens,0.14029999999999998,1.0806760050914013,79540,0.3248730964467005,0.3299492385786802,0.4665634636782155,86,0,0
QN0203,Woodside,Queens,0.1352,0.6967476254703752,53188,0.2766497461928934,0.2131979695431472,0.466549656553235,87,0,0
QN0303,North Corona,Queens,0.1679,2.435892647500136,43434,0.5329949238578681,0.5939086294416244,0.4652361111630295,88,1,1
BX0401,Concourse-Concourse Village,Bronx,0.26289999999999997,3.49103565763659,69387,0.8984771573604061,0.7614213197969543,0.4629875747745612,89,2,2
QN1002,Ozone Park,Queens,0.1332,0.4691994307810023,23518,0.24873096446700507,0.14213197969543148,0.4619289340101523,90,0,0
QN0903,South Richmond Hill,Queens,0.1434,1.4924507095561088,24141,0.3604060913705584,0.41116751269035534,0.4606721341944539,91,1,1
BK0302,Bedford-Stuyvesant (East),Brooklyn,0.1931,3.0273889093774438,84653,0.6598984771573604,0.6852791878172588,0.4557233642124557,92,1,2
QN0804,Jamaica Estates-Holliswood,Queens,0.1352,0.825995899796815,23576,0.2766497461928934,0.25380710659898476,0.4543501673492942,93,0,0
BX0302,Claremont Village-Claremont (East),Bronx,0.3336,3.9652605543876907,24553,0.9949238578680203,0.7969543147208121,0.4494607841863687,94,2,2
SI0101,St. George-New Brighton,Staten Island,0.2018,3.2046394692076947,20549,0.7106598984771574,0.7258883248730964,0.44136172831033826,95,2,2
BK0802,Crown Heights (North),Brooklyn,0.1885,3.0962365673755015,85275,0.649746192893401,0.700507614213198,0.44112814177462806,96,1,2
SI0301,Oakwood-Richmondtown,Staten Island,0.1284,0.024465113945804695,22388,0.20812182741116753,0.06598984771573604,0.4408944314844358,97,0,0
BK1203,Kensington,Brooklyn,0.153,2.131620270722071,41758,0.40609137055837563,0.5228426395939086,0.44019255611530556,98,1,1
BK0402,Bushwick (East),Brooklyn,0.20190000000000002,3.2502723185849014,62049,0.7157360406091371,0.7309644670050761,0.43881479825657166,99,2,2
MN0302,Lower East Side,Manhattan,0.2096,3.4716474189125632,49149,0.766497461928934,0.751269035532995,0.4366367517366068,100,2,2
QN1003,Howard Beach-Lindenwood,Queens,0.12960000000000002,0.5019462174776529,27320,0.2233502538071066,0.16243654822335024,0.4325159066830618,101,0,0
MN0703,Upper West Side-Manhattan Valley,Manhattan,0.1795,3.1357904910332386,51751,0.616751269035533,0.7106598984771574,0.4224344621323918,102,1,2
BK0301,Bedford-Stuyvesant (West),Brooklyn,0.20739999999999997,3.4965627135136605,89189,0.751269035532995,0.766497461928934,0.41883556029921365,103,2,2
SI0103,Rosebank-Shore Acres-Park Hill,Staten Island,0.14150000000000001,1.8384749420651978,25510,0.3350253807106599,0.4873096446700508,0.4144445457248771,104,0,1
QN0703,Bay Terrace-Clearview,Queens,0.1242,0.0,23287,0.17258883248730963,0.02030456852791878,0.4111988457071804,105,0,0
BK0202,Downtown Brooklyn-DUMBO-Boerum Hill,Brooklyn,0.15689999999999998,2.466160686734964,40968,0.4263959390862944,0.6040609137055838,0.4108854080172195,106,1,1
SI0201,Grasmere-Arrochar-South Beach-Dongan Hills,Staten Island,0.13419999999999999,1.2018301662246154,36259,0.2639593908629442,0.36548223350253806,0.40925166235018023,107,0,1
QN0302,East Elmhurst,Queens,0.1451,2.2130682274170943,33573,0.36548223350253806,0.5431472081218274,0.4086215593400631,108,1,1
QN0503,Glendale,Queens,0.1285,0.7823390161893268,35135,0.2131979695431472,0.233502538071066,0.4042470810571482,109,0,0
BK0503,East New York-New Lots,Brooklyn,0.2046,3.915739256258084,53004,0.7360406091370558,0.7817258883248731,0.4008224171827346,110,2,2
BK0502,East New York (North),Brooklyn,0.2075,3.952207944628584,42818,0.7563451776649747,0.7918781725888325,0.39675173664302804,111,2,2
BX1103,Pelham Gardens,Bronx,0.1368,1.835393176549875,29402,0.29949238578680204,0.48223350253807107,0.39378563153745116,112,0,1
BX0201,Hunts Point,Bronx,0.2703,4.298331974428541,15131,0.9187817258883249,0.8324873096446701,0.39231058965170257,113,2,2
QN1302,Bellerose,Queens,0.1266,0.6929968176548055,26566,0.19289340101522842,0.20812182741116753,0.3908299808105616,114,0,0
QN1102,Bayside,Queens,0.1225,0.0,35588,0.15228426395939088,0.02030456852791878,0.38625405847201627,115,0,0
BK1402,Flatbush (West)-Ditmas Park-Parkville,Brooklyn,0.16519999999999999,3.139150325465515,43016,0.5177664974619289,0.7157360406091371,0.38364352543535396,116,1,2
MN0803,Upper East Side-Yorkville,Manhattan,0.13119999999999998,1.2101331972102705,84046,0.22842639593908629,0.37055837563451777,0.37918475932960605,117,0,1
MN0203,West Village,Manhattan,0.13570000000000002,1.9043250709781343,35011,0.28426395939086296,0.49746192893401014,0.37795960343119367,118,0,1
MN0602,Gramercy,Manhattan,0.1241,0.4905282790923941,28628,0.16751269035532995,0.15228426395939088,0.3768330447303038,119,0,0
MN0501,Midtown South-Flatiron-Union Square,Manhattan,0.147,2.7373531200162935,33214,0.3756345177664975,0.6345177664974619,0.3705236059064905,120,1,1
BX0602,Tremont,Bronx,0.2896,4.586811169651627,32150,0.9644670050761421,0.8629441624365483,0.36357369704507575,121,2,2
SI0106,Port Richmond,Staten Island,0.1795,3.9403921283197425,22609,0.616751269035533,0.7868020304568528,0.3626156619225581,122,1,2
BK0902,Prospect Lefferts Gardens-Wingate,Brooklyn,0.1604,3.3131691445634157,49513,0.4873096446700508,0.7360406091370558,0.35865018746509025,123,1,2
QN1101,Auburndale,Queens,0.1217,0.1603130861043876,36182,0.13705583756345177,0.07614213197969544,0.35583720138724634,124,0,0
BK0901,Crown Heights (South),Brooklyn,0.1886,4.019133637894951,50590,0.6548223350253807,0.8071065989847716,0.35540245815663546,125,1,2
BX0603,Belmont,Bronx,0.30579999999999996,4.781167681365268,35825,0.9796954314720813,0.8730964467005076,0.35260010125507124,126,2,2
QN0902,Richmond Hill,Queens,0.1432,2.89987790555259,34100,0.3553299492385787,0.6598984771573604,0.3476323587464758,127,1,1
BK1103,Gravesend (West),Brooklyn,0.19399999999999998,4.1328302652725935,60523,0.6751269035532995,0.8223350253807107,0.3463327939779835,128,2,2
BK0203,Fort Greene,Brooklyn,0.1764,4.001992657017453,32938,0.5913705583756346,0.8020304568527918,0.3421598446228513,129,1,2
QN0803,Fresh Meadows-Utopia,Queens,0.1204,0.001972811217605627,23434,0.1218274111675127,0.04568527918781726,0.3409716877918105,130,0,0
SI0202,New Dorp-Midland Beach,Staten Island,0.1213,0.3266369045744294,29083,0.12944162436548223,0.1218274111675127,0.33715291244733137,131,0,0
QN0504,Middle Village,Queens,0.12300000000000001,0.9667789173751974,34474,0.15736040609137056,0.28426395939086296,0.33560171931097654,132,0,0
SI0204,New Springville-Willowbrook-Bulls Head-Travis,Staten Island,0.1201,0.0,42871,0.1116751269035533,0.02030456852791878,0.3307682143684246,133,0,0
BX0303,Crotona Park East,Bronx,0.2724,5.359764834853578,30158,0.9238578680203046,0.883248730964467,0.3284228653730317,134,2,2
BK0204,Clinton Hill,Brooklyn,0.135,2.468157548457235,28647,0.26903553299492383,0.6091370558375635,0.3242776904301408,135,0,1
SI0104,West New Brighton-Silver Lake-Grymes Hill,Staten Island,0.1264,1.6609661106765445,37010,0.18527918781725888,0.4467005076142132,0.3201794505725503,136,0,1
BK1301,Gravesend (South),Brooklyn,0.19390000000000002,4.565533653194326,30366,0.6700507614213198,0.8527918781725888,0.314065143111838,137,2,2
BX0803,Riverdale-Spuyten Duyvil,Bronx,0.1222,1.095542581634772,47927,0.14720812182741116,0.3401015228426396,0.31167678036565993,138,0,1
QN0901,Kew Gardens,Queens,0.1384,3.073083754194408,24371,0.3096446700507614,0.6903553299492385,0.3096446700507614,139,0,2
QN1204,Springfield Gardens (North)-Rochdale Village,Queens,0.13369999999999999,2.6719906129059074,32883,0.25380710659898476,0.6243654822335025,0.30876967158874213,140,0,1
MN0603,Murray Hill-Kips Bay,Manhattan,0.1213,0.9247462227748509,63520,0.12944162436548223,0.27411167512690354,0.3065292219014567,141,0,0
MN0702,Upper West Side (Central),Manhattan,0.1267,2.1573885333657024,101767,0.19796954314720813,0.5329949238578681,0.30406048998724744,142,0,1
BK1704,East Flatbush-Remsen Village,Brooklyn,0.1882,4.586439684791579,39115,0.6446700507614214,0.8578680203045685,0.30270155362183904,143,1,2
BK1401,Flatbush,Brooklyn,0.1516,3.5977972662632154,66503,0.4010152284263959,0.7766497461928934,0.2992772177255569,144,1,2
BX0702,Bedford Park,Bronx,0.2564,5.416262218207134,55521,0.8781725888324873,0.8984771573604061,0.29858763796655313,145,2,2
MN0801,Upper East Side-Lenox Hill-Roosevelt Island,Manhattan,0.1322,2.7198187565957257,85527,0.23857868020304568,0.6294416243654822,0.29733369838796897,146,0,1
MN0101,Financial District-Battery Park City,Manhattan,0.1108,0.0018424167820048152,52992,0.09137055837563451,0.04060913705583756,0.2960744481506129,147,0,0
QN0201,Long Island City-Hunters Point,Queens,0.1292,2.4477139278049718,32216,0.2182741116751269,0.5989847715736041,0.2958567943329503,148,0,1
MN0502,Midtown-Times Square,Manhattan,0.15789999999999998,4.024976175854825,25575,0.4543147208121827,0.8121827411167513,0.2921098175913514,149,1,2
MN0401,Chelsea-Hudson Yards,Manhattan,0.15789999999999998,4.130410906484462,69741,0.4543147208121827,0.817258883248731,0.2881353491638249,150,1,2
MN0902,Manhattanville-West Harlem,Manhattan,0.2632,5.693235384812663,22183,0.9035532994923858,0.9086294416243654,0.28732937458040425,151,2,2
QN1301,Glen Oaks-Floral Park-New Hyde Park,Queens,0.11699999999999999,0.7890115543360209,23364,0.1065989847715736,0.23857868020304568,0.28489777056654375,152,0,0
QN1104,Oakland Gardens-Hollis Hills,Queens,0.1057,0.0,25249,0.08121827411167512,0.02030456852791878,0.2820800810040569,153,0,0
QN1401,Far Rockaway-Bayswater,Queens,0.1974,5.3941735262963215,58648,0.6852791878172588,0.8934010152284264,0.2702777565883073,154,2,2
BX0101,Mott Haven-Port Morris,Bronx,0.3265,6.723651366254567,57718,0.9898477157360406,0.934010152284264,0.2555775812218092,155,2,2
BK0601,Carroll Gardens-Cobble Hill-Gowanus-Red Hook,Brooklyn,0.15410000000000001,4.35658956723321,59166,0.41116751269035534,0.8426395939086294,0.25436486936786906,156,1,2
SI0105,Westerleigh-Castleton Corners,Staten Island,0.10310000000000001,0.0034138641761432284,31458,0.06598984771573604,0.050761421319796954,0.25028006163697564,157,0,0
SI0302,Great Kills-Eltingville,Staten Island,0.1042,0.4559577927364581,54699,0.07106598984771574,0.13705583756345177,0.24764083081523794,158,0,0
MN0202,Greenwich Village,Manhattan,0.1164,1.4525109371390326,34147,0.10152284263959391,0.40609137055837563,0.2455509974101081,159,0,1
MN1002,Harlem (North),Manhattan,0.24059999999999998,6.566539883886635,83327,0.8426395939086294,0.9289340101522843,0.2447100668668822,160,2,2
BK0201,Brooklyn Heights,Brooklyn,0.1005,0.15897530366166582,25092,0.06091370558375635,0.07106598984771574,0.2378756246469032,161,0,0
BK1601,Ocean Hill,Brooklyn,0.2009,6.297385310879037,37952,0.700507614213198,0.9238578680203046,0.2309505211386259,162,2,2
QN0801,Kew Gardens Hills,Queens,0.139,4.310609188803221,36009,0.3197969543147208,0.8375634517766497,0.22791821645323504,163,0,2
MN1102,East Harlem (North),Manhattan,0.2668,8.491217939192975,64655,0.9086294416243654,0.949238578680203,0.21476340915031664,164,2,2
BK1702,East Flatbush-Farragut,Brooklyn,0.1338,4.202833454318964,34317,0.25888324873096447,0.8274111675126904,0.21137728744829454,165,0,2
BK0801,Prospect Heights,Brooklyn,0.1162,2.2333238672400038,23515,0.09644670050761421,0.5532994923857868,0.20756394213462814,166,0,1
MN0102,Tribeca-Civic Center,Manhattan,0.0967,0.019276757734738095,25390,0.04568527918781726,0.06091370558375635,0.20712899251881386,167,0,0
QN1202,South Jamaica,Queens,0.1603,5.808534448801425,44401,0.48223350253807107,0.9137055837563451,0.20399524159807234,168,1,2
BX0102,Melrose,Bronx,0.3077,8.865279152555969,42651,0.9847715736040609,0.9593908629441624,0.19997680815829658,169,2,2
QN1206,Hollis,Queens,0.1364,4.714266840621594,24576,0.2918781725888325,0.868020304568528,0.19627020232671272,170,0,2
MN1001,Harlem (South),Manhattan,0.17859999999999998,7.426898619400928,47113,0.6091370558375635,0.9390862944162437,0.1926260503655865,171,1,2
BX0301,Morrisania,Bronx,0.2998,9.419784483039177,37607,0.9746192893401016,0.9644670050761421,0.18609444446521178,172,2,2
QN1303,Queens Village,Queens,0.1202,3.1181825780474623,54345,0.116751269035533,0.7055837563451777,0.18540083622080886,173,0,2
BK1703,East Flatbush-Rugby,Brooklyn,0.1425,5.62361866015966,42762,0.350253807106599,0.9035532994923858,0.18379560396174283,174,1,2
QN1306,Springfield Gardens (South)-Brookville,Queens,0.0959,0.6186361001697079,23103,0.04060913705583756,0.17766497461928935,0.18274111675126903,175,0,0
SI0303,Arden Heights-Rossville,Staten Island,0.0897,0.0,30683,0.030456852791878174,0.02030456852791878,0.17273806626572139,176,0,0
MN0802,Upper East Side-Carnegie Hill,Manhattan,0.0999,2.1405479806616143,62410,0.05583756345177665,0.5279187817258884,0.16235721412913173,177,0,1
QN1307,Rosedale,Queens,0.0924,1.040297539154949,27101,0.03553299492385787,0.3147208121827411,0.1560449355222274,178,0,0
SI0304,Annadale-Huguenot-Prince's Bay-Woodrow,Staten Island,0.0874,0.30900708647640407,40534,0.025380710659898477,0.1116751269035533,0.15015430921572628,179,0,0
MN0901,Morningside Heights,Manhattan,0.2097,9.789948311030226,38865,0.7715736040609137,0.9746192893401016,0.13993958123949454,180,2,2
BK1701,East Flatbush-Erasmus,Brooklyn,0.1551,8.803519245398752,47690,0.41624365482233505,0.9543147208121827,0.1378992660630064,181,1,2
BK0602,Park Slope,Brooklyn,0.10439999999999999,3.5119695677443925,57405,0.07614213197969544,0.7715736040609137,0.13188204118544752,182,0,2
BK1802,Marine Park-Mill Basin-Bergen Beach,Brooklyn,0.0983,2.9249474405104747,46955,0.050761421319796954,0.6700507614213198,0.12941673892367475,183,0,2
BK1803,Canarsie,Brooklyn,0.122,5.372880310403002,89932,0.14213197969543148,0.8883248730964467,0.12598653447706454,184,0,2
BX0202,Longwood,Bronx,0.2978,10.332287310855971,40289,0.9695431472081218,0.9847715736040609,0.12150973810747048,185,2,2
QN1203,Baisley Park,Queens,0.1233,6.024718659460662,43090,0.16243654822335024,0.9187817258883249,0.11485998476126662,186,0,2
QN1103,Douglaston-Little Neck,Queens,0.10679999999999999,4.416338138092518,25262,0.08629441624365482,0.8477157360406091,0.11463542934656056,187,0,2
MN0604,East Midtown-Turtle Bay,Manhattan,0.1274,7.802519908714522,45765,0.20304568527918782,0.9441624365482234,0.10647805565179198,188,0,2
SI0305,Tottenville-Charleston,Staten Island,0.0828,1.7113724564530994,16089,0.02030456852791878,0.4619289340101523,0.10452416386788833,189,0,1
BK1801,Flatlands,Brooklyn,0.1264,9.464221151067674,67087,0.18527918781725888,0.9695431472081218,0.07512004358857227,190,0,2
QN0602,Forest Hills,Queens,0.1317,10.313886466299472,88965,0.233502538071066,0.9796954314720813,0.06885614196066253,191,0,2
QN1304,Cambria Heights,Queens,0.0672,2.263646170908105,19081,0.01015228426395939,0.5634517766497462,0.06657297994215229,192,0,1
SI0102,Tompkinsville-Stapleton-Clifton-Fox Hills,Staten Island,0.1932,12.331006488230468,19027,0.6649746192893401,0.9949238578680203,0.05809910224497266,193,1,2
QN1205,St. Albans,Queens,0.0784,4.990844624365192,51816,0.015228426395939087,0.8781725888324873,0.04307249428547498,194,0,2
SI0203,Todt Hill-Emerson Hill-Lighthouse Hill-Manor Heights,Staten Island,0.1258,12.288277639011271,32822,0.17766497461928935,0.9898477157360406,0.04247005210832877,195,0,2
QN1305,Laurelton,Queens,0.0581,2.934904061523719,26088,0.005076142131979695,0.6751269035532995,0.04060913705583756,196,0,2
QN0105,Queensbridge-Ravenswood-Dutch Kills,Queens,0.2101,12.894655125476397,32954,0.7766497461928934,1.0,0.0,197,2,2
