nta2020,ntaname,boroname,fi_rate,pop_2020,fi_pop,provider_count,total_hours,access_per10k_fi,need_t,access_t
BX0601,West Farms,Bronx,0.3494,20147,7039.3618,2,6.5,9.233791620143746,2,1
BX0302,Claremont Village-Claremont (East),Bronx,0.3336,24553,8190.8808,2,5.0,6.104349607920066,2,1
BX0101,Mott Haven-Port Morris,Bronx,0.3265,57718,18844.927,8,41.0,21.756518345759577,2,2
BX0102,Melrose,Bronx,0.3077,42651,13123.712699999998,8,41.0,31.24115937100635,2,2
BX0603,Belmont,Bronx,0.30579999999999996,35825,10955.284999999998,2,21.0,19.16883038642993,2,2
BX0301,Morrisania,Bronx,0.2998,37607,11274.5786,4,36.0,31.93023994706108,2,2
BX0202,Longwood,Bronx,0.2978,40289,11998.0642,7,47.0,39.17298592217901,2,2
BX0602,Tremont,Bronx,0.2896,32150,9310.640000000001,3,10.0,10.74040023027418,2,1
BX0503,Fordham Heights,Bronx,0.2865,32099,9196.3635,4,16.5,17.94187452464227,2,2
BX0501,University Heights (South)-Morris Heights,Bronx,0.2818,54682,15409.3876,3,6.0,3.8937303387708933,2,0
BK1602,Brownsville,Brooklyn,0.2797,60470,16913.459,8,15.5,9.164299271958503,2,1
BX0701,University Heights (North)-Fordham,Bronx,0.27949999999999997,46538,13007.371,2,3.0,2.306384587631121,2,0
BX0502,Mount Hope,Bronx,0.27899999999999997,49099,13698.621,4,10.0,7.3000048691032475,2,1
BX0403,Mount Eden-Claremont (West),Bronx,0.2778,49651,13793.0478,4,11.0,7.9750321752673115,2,1
BK0103,South Williamsburg,Brooklyn,0.2758,47703,13156.4874,1,6.0,4.560487778827652,2,1
BX0303,Crotona Park East,Bronx,0.2724,30158,8215.0392,4,19.0,23.1283132526014,2,2
BX0201,Hunts Point,Bronx,0.2703,15131,4089.9093,3,5.5,13.447730980244478,2,1
MN1201,Washington Heights (South),Manhattan,0.26780000000000004,72037,19291.5086,3,20.0,10.36725557067113,2,1
MN1102,East Harlem (North),Manhattan,0.2668,64655,17249.953999999998,6,53.0,30.72471961374506,2,2
MN0902,Manhattanville-West Harlem,Manhattan,0.2632,22183,5838.5656,3,29.0,49.66973394972217,2,2
BX0401,Concourse-Concourse Village,Bronx,0.26289999999999997,69387,18241.842299999997,4,11.0,6.03009269518792,2,1
MN0301,Chinatown-Two Bridges,Manhattan,0.262,42556,11149.672,0,0.0,0.0,2,0
BK1302,Coney Island-Sea Gate,Brooklyn,0.2594,49517,12844.7098,4,15.5,12.067224749600804,2,1
BX0402,Highbridge,Bronx,0.2585,32456,8389.876,5,15.5,18.47464730110433,2,2
BX0702,Bedford Park,Bronx,0.2564,55521,14235.584400000002,2,32.0,22.4788804595897,2,2
MN1101,East Harlem (South),Manhattan,0.2534,59814,15156.867600000001,3,27.5,18.14359056616685,2,2
BX0802,Kingsbridge-Marble Hill,Bronx,0.24960000000000002,22807,5692.627200000001,0,0.0,0.0,2,0
BX0703,Norwood,Bronx,0.2468,43466,10727.4088,3,16.5,15.381160826088776,2,1
BX0901,Soundview-Bruckner-Bronx River,Bronx,0.24609999999999999,74342,18295.566199999997,4,13.0,7.105546697975383,2,1
BK0504,Spring Creek-Starrett City,Brooklyn,0.24420000000000003,17038,4160.6796,3,8.0,19.22762810190912,2,2
BX0902,Soundview-Clason Point,Bronx,0.24239999999999998,37297,9040.7928,3,9.0,9.954879178295073,2,1
MN1002,Harlem (North),Manhattan,0.24059999999999998,83327,20048.476199999997,11,51.5,25.68773780423273,2,2
BX1104,Allerton,Bronx,0.2354,34623,8150.2542,0,0.0,0.0,2,0
BK1202,Borough Park,Brooklyn,0.22769999999999999,93905,21382.1685,2,14.0,6.547511773653827,2,1
BX0801,Kingsbridge Heights-Van Cortlandt Village,Bronx,0.2253,35777,8060.5581,1,7.0,8.684262197675865,2,1
BK1303,Brighton Beach,Brooklyn,0.2227,33568,7475.5936,3,3.0,4.0130592438839905,2,0
BK1201,Sunset Park (East)-Borough Park (West),Brooklyn,0.2214,35632,7888.924800000001,0,0.0,0.0,2,0
MN0903,Hamilton Heights-Sugar Hill,Manhattan,0.2191,49410,10825.731,3,9.5,8.775388932165411,2,1
BK0703,Sunset Park (Central),Brooklyn,0.21660000000000001,55606,12044.259600000001,2,10.0,8.302710446393899,2,1
BX0903,Castle Hill-Unionport,Bronx,0.21530000000000002,41420,8917.726,3,7.0,7.849534735648976,2,1
BK0104,East Williamsburg,Brooklyn,0.2134,52998,11309.7732,1,24.0,21.220584688647868,2,2
BX1001,Westchester Square,Bronx,0.21309999999999998,17376,3702.8255999999997,1,1.5,4.0509604341074015,2,0
BX0904,Parkchester,Bronx,0.2121,33602,7126.984200000001,4,6.0,8.41870815428495,2,1
QN1402,Rockaway Beach-Arverne-Edgemere,Queens,0.21030000000000001,41367,8699.4801,3,7.5,8.621204846482721,2,1
QN0105,Queensbridge-Ravenswood-Dutch Kills,Queens,0.2101,32954,6923.6354,4,58.0,83.77102006266823,2,2
MN0901,Morningside Heights,Manhattan,0.2097,38865,8149.9905,5,49.0,60.122769468258895,2,2
MN0302,Lower East Side,Manhattan,0.2096,49149,10301.6304,5,20.0,19.41440259786451,2,2
QN0707,Flushing-Willets Point,Queens,0.20929999999999999,69879,14625.6747,1,2.0,1.3674582821126193,2,0
BK0502,East New York (North),Brooklyn,0.2075,42818,8884.734999999999,10,24.5,27.575386322720938,2,2
BK0301,Bedford-Stuyvesant (West),Brooklyn,0.20739999999999997,89189,18497.7986,11,42.5,22.975706957907956,2,2
MN0303,East Village,Manhattan,0.20679999999999998,71436,14772.9648,5,25.5,17.26126092170747,2,2
BX1101,Pelham Parkway-Van Nest,Bronx,0.20670000000000002,32425,6702.2475,1,4.0,5.96814725209715,2,1
BK0503,East New York-New Lots,Brooklyn,0.2046,53004,10844.6184,7,20.0,18.44232711775271,2,2
QN1201,Jamaica,Queens,0.20440000000000003,60993,12466.969200000001,9,16.5,13.234972939533689,2,1
MN1203,Inwood,Manhattan,0.20370000000000002,36299,7394.1063,4,11.0,14.876713362911755,2,1
BX1201,Williamsbridge-Olinville,Bronx,0.2026,61346,12428.6996,4,15.0,12.068841055583965,2,1
BK0402,Bushwick (East),Brooklyn,0.20190000000000002,62049,12527.693100000002,4,23.0,18.359325868223895,2,2
SI0101,St. George-New Brighton,Staten Island,0.2018,20549,4146.7882,3,8.0,19.292039077375595,2,2
MN1202,Washington Heights (North),Manhattan,0.20149999999999998,71842,14476.162999999999,2,5.0,3.4539539241164943,2,0
BK1601,Ocean Hill,Brooklyn,0.2009,37952,7624.556799999999,8,33.5,43.93698004846656,2,2
QN0102,Old Astoria-Hallets Point,Queens,0.1998,18927,3781.6146,1,4.0,10.577492481650562,2,1
QN0402,Corona,Queens,0.19829999999999998,73822,14638.902599999998,0,0.0,0.0,2,0
QN1401,Far Rockaway-Bayswater,Queens,0.1974,58648,11577.1152,5,31.5,27.20885078521115,2,2
BK0401,Bushwick (West),Brooklyn,0.196,58692,11503.632,2,4.5,3.911808027238702,2,0
BK1103,Gravesend (West),Brooklyn,0.19399999999999998,60523,11741.462,2,34.0,28.95721163173717,2,2
BK1301,Gravesend (South),Brooklyn,0.19390000000000002,30366,5887.9674,1,16.75,28.447847724156894,2,2
SI0102,Tompkinsville-Stapleton-Clifton-Fox Hills,Staten Island,0.1932,19027,3676.0164,8,30.5,82.97025007831847,1,2
BK0302,Bedford-Stuyvesant (East),Brooklyn,0.1931,84653,16346.4943,5,13.0,7.952775537932925,1,1
BK0901,Crown Heights (South),Brooklyn,0.1886,50590,9541.274,8,33.0,34.58657617420902,1,2
BK0802,Crown Heights (North),Brooklyn,0.1885,85275,16074.3375,5,17.0,10.575863546475865,1,1
BK1704,East Flatbush-Remsen Village,Brooklyn,0.1882,39115,7361.443,6,12.5,16.98036648521221,1,2
BK1101,Bensonhurst,Brooklyn,0.187,104934,19622.658,5,18.0,9.17306921417068,1,1
BK1501,Gravesend (East)-Homecrest,Brooklyn,0.1832,52797,9672.4104,1,8.5,8.787881870686546,1,1
BK0505,East New York-City Line,Brooklyn,0.1801,45559,8205.1759,1,2.0,2.437485831351891,1,0
BK0702,Sunset Park (West),Brooklyn,0.1801,54473,9810.587300000001,2,11.0,11.212376653536326,1,1
SI0106,Port Richmond,Staten Island,0.1795,22609,4058.3154999999997,2,9.0,22.176688825696278,1,2
MN0703,Upper West Side-Manhattan Valley,Manhattan,0.1795,51751,9289.3045,1,1.5,1.614760286951515,1,0
MN1001,Harlem (South),Manhattan,0.17859999999999998,47113,8414.3818,5,20.0,23.76882874508975,1,2
BK1403,Midwood,Brooklyn,0.1783,52891,9430.4653,0,0.0,0.0,1,0
BX1003,Pelham Bay-Country Club-City Island,Bronx,0.1773,29462,5223.6126,0,0.0,0.0,1,0
BK0203,Fort Greene,Brooklyn,0.1764,32938,5810.2632,2,4.5,7.744915927388625,1,1
QN0301,Jackson Heights,Queens,0.1764,101848,17965.9872,3,13.5,7.5141988301093745,1,1
BK1002,Dyker Heights,Brooklyn,0.1761,46756,8233.731600000001,0,0.0,0.0,1,0
QN0705,East Flushing,Queens,0.1744,34704,6052.3776,1,7.0,11.565702708304254,1,1
MN0402,Hell's Kitchen,Manhattan,0.1702,59524,10130.9848,4,21.5,21.22202374639828,1,2
BK0501,Cypress Hills,Brooklyn,0.17010000000000003,43256,7357.8456000000015,2,4.0,5.436373929890563,1,1
QN0104,Astoria (East)-Woodside (North),Queens,0.17,38673,6574.410000000001,2,9.5,14.449965852449116,1,1
BX1202,Eastchester-Edenwald-Baychester,Bronx,0.1696,51736,8774.4256,4,8.0,9.117405930252573,1,1
QN0805,Jamaica Hills-Briarwood,Queens,0.16870000000000002,39292,6628.5604,0,0.0,0.0,1,0
BK1204,Mapleton-Midwood (West),Brooklyn,0.16870000000000002,39137,6602.411900000001,1,1.75,2.6505465373949173,1,0
BX1102,Morris Park,Bronx,0.1686,25077,4227.9822,0,0.0,0.0,1,0
QN0502,Ridgewood,Queens,0.1681,66402,11162.1762,4,5.5,4.927354578043661,1,1
QN0303,North Corona,Queens,0.1679,43434,7292.5686,5,14.0,19.197625374411974,1,2
BX1002,Throgs Neck-Schuylerville,Bronx,0.1659,48116,7982.444399999999,1,4.0,5.010996381008304,1,1
BX1203,Wakefield-Woodlawn,Bronx,0.1659,47657,7906.2963,2,5.0,6.324073637361656,1,1
BK1402,Flatbush (West)-Ditmas Park-Parkville,Brooklyn,0.16519999999999999,43016,7106.243199999999,5,13.0,18.293773002308733,1,2
BK0102,Williamsburg,Brooklyn,0.1648,64444,10620.3712,1,3.0,2.824760023453794,1,0
BK1502,Madison,Brooklyn,0.1634,41465,6775.380999999999,1,2.0,2.95186351881909,1,0
BK1102,Bath Beach,Brooklyn,0.163,33070,5390.41,0,0.0,0.0,1,0
QN0904,Ozone Park (North),Queens,0.16149999999999998,27312,4410.887999999999,1,3.0,6.801351564582916,1,1
QN0103,Astoria (Central),Queens,0.1607,52220,8391.754,0,0.0,0.0,1,0
BK0902,Prospect Lefferts Gardens-Wingate,Brooklyn,0.1604,49513,7941.8852,3,5.0,6.295734418321736,1,1
QN1202,South Jamaica,Queens,0.1603,44401,7117.4803,7,24.0,33.7197982831087,1,2
QN0802,Pomonok-Electchester-Hillcrest,Queens,0.16,35669,5707.04,0,0.0,0.0,1,0
QN0101,Astoria (North)-Ditmars-Steinway,Queens,0.1595,50225,8010.8875,0,0.0,0.0,1,0
BK1001,Bay Ridge,Brooklyn,0.1593,86779,13823.894699999999,3,8.5,6.1487736882139306,1,1
QN0202,Sunnyside,Queens,0.1591,52278,8317.4298,3,9.5,11.421797632725436,1,1
MN0502,Midtown-Times Square,Manhattan,0.15789999999999998,25575,4038.2924999999996,0,0.0,0.0,1,0
MN0401,Chelsea-Hudson Yards,Manhattan,0.15789999999999998,69741,11012.103899999998,4,18.5,16.799696196110176,1,2
BK0101,Greenpoint,Brooklyn,0.1574,38980,6135.452,1,3.0,4.889615304626293,1,1
QN0601,Rego Park,Queens,0.1573,30741,4835.5593,0,0.0,0.0,1,0
QN0704,Murray Hill-Broadway Flushing,Queens,0.15710000000000002,57387,9015.497700000002,2,3.5,3.882203863243179,1,0
QN0401,Elmhurst,Queens,0.157,107864,16934.648,4,9.0,5.314548020130091,1,1
BK0202,Downtown Brooklyn-DUMBO-Boerum Hill,Brooklyn,0.15689999999999998,40968,6427.879199999999,3,20.5,31.892323054235373,1,2
BK1503,Sheepshead Bay-Manhattan Beach-Gerritsen Beach,Brooklyn,0.1553,69084,10728.7452,1,1.5,1.398113173570382,1,0
BK1701,East Flatbush-Erasmus,Brooklyn,0.1551,47690,7396.718999999999,10,61.0,82.46899740276737,1,2
BK0601,Carroll Gardens-Cobble Hill-Gowanus-Red Hook,Brooklyn,0.15410000000000001,59166,9117.4806,4,37.0,40.58138604649183,1,2
BK1203,Kensington,Brooklyn,0.153,41758,6388.974,3,12.5,19.564956752054396,1,2
BK1401,Flatbush,Brooklyn,0.1516,66503,10081.854800000001,6,12.5,12.398512226143149,1,1
QN0701,College Point,Queens,0.1484,33625,4989.95,0,0.0,0.0,1,0
SI0107,Mariner's Harbor-Arlington-Graniteville,Staten Island,0.14800000000000002,33492,4956.816000000001,1,1.0,2.0174240883664027,1,0
QN0501,Maspeth,Queens,0.14800000000000002,43257,6402.036000000001,0,0.0,0.0,1,0
QN0706,Queensboro Hill,Queens,0.1479,23638,3496.0602,0,0.0,0.0,1,0
MN0501,Midtown South-Flatiron-Union Square,Manhattan,0.147,33214,4882.458,3,10.25,20.993524163443908,1,2
MN0601,Stuyvesant Town-Peter Cooper Village,Manhattan,0.1467,22512,3302.5104,0,0.0,0.0,1,0
QN0302,East Elmhurst,Queens,0.1451,33573,4871.442300000001,3,11.0,22.580581525106023,1,2
QN0903,South Richmond Hill,Queens,0.1434,24141,3461.8194,1,2.0,5.777308891388153,1,1
QN0902,Richmond Hill,Queens,0.1432,34100,4883.12,4,15.0,30.71806549910713,1,2
BK1703,East Flatbush-Rugby,Brooklyn,0.1425,42762,6093.584999999999,9,25.5,41.84728694192336,1,2
QN0905,Woodhaven,Queens,0.142,41948,5956.615999999999,0,0.0,0.0,1,0
MN0201,SoHo-Little Italy-Hudson Square,Manhattan,0.1418,23287,3302.0966000000003,0,0.0,0.0,1,0
SI0103,Rosebank-Shore Acres-Park Hill,Staten Island,0.14150000000000001,25510,3609.6650000000004,0,0.0,0.0,0,0
MN0701,Upper West Side-Lincoln Square,Manhattan,0.1405,70697,9932.928500000002,1,5.5,5.537138417939884,0,1
QN1001,South Ozone Park,Queens,0.14029999999999998,79540,11159.461999999998,4,8.0,7.168804374261055,0,1
QN0801,Kew Gardens Hills,Queens,0.139,36009,5005.251,3,23.5,46.950692382859515,0,2
BX1004,Co-op City,Bronx,0.1386,37369,5179.3434,2,5.0,9.65373332843696,0,1
QN0901,Kew Gardens,Queens,0.1384,24371,3372.9464,1,2.0,5.929533893571508,0,1
BK0701,Windsor Terrace-South Slope,Brooklyn,0.1374,23622,3245.6628,0,0.0,0.0,0,0
BX1103,Pelham Gardens,Bronx,0.1368,29402,4022.1936,2,10.0,24.862055371974137,0,2
QN1206,Hollis,Queens,0.1364,24576,3352.1664,6,11.5,34.30617286779081,0,2
QN1403,Breezy Point-Belle Harbor-Rockaway Park-Broad Channel,Queens,0.1364,24134,3291.8776,0,0.0,0.0,0,0
MN0203,West Village,Manhattan,0.13570000000000002,35011,4750.992700000001,3,18.833333333333332,39.6408382890871,0,2
QN0203,Woodside,Queens,0.1352,53188,7191.017599999999,2,4.5,6.257806961840839,0,1
QN0804,Jamaica Estates-Holliswood,Queens,0.1352,23576,3187.4752,2,3.0,9.411837933672393,0,1
BK0204,Clinton Hill,Brooklyn,0.135,28647,3867.3450000000003,3,10.0,25.857532751797418,0,2
SI0201,Grasmere-Arrochar-South Beach-Dongan Hills,Staten Island,0.13419999999999999,36259,4865.957799999999,2,6.0,12.330563162713826,0,1
BK1702,East Flatbush-Farragut,Brooklyn,0.1338,34317,4591.6146,6,11.0,23.95671448557551,0,2
QN1204,Springfield Gardens (North)-Rochdale Village,Queens,0.13369999999999999,32883,4396.4571,3,6.0,13.647352546667635,0,1
QN1002,Ozone Park,Queens,0.1332,23518,3132.5976000000005,1,1.0,3.192238926570077,0,0
QN0702,Whitestone-Beechhurst,Queens,0.1326,28408,3766.9008,0,0.0,0.0,0,0
MN0801,Upper East Side-Lenox Hill-Roosevelt Island,Manhattan,0.1322,85527,11306.6694,1,0.75,0.6633253113423481,0,0
QN0602,Forest Hills,Queens,0.1317,88965,11716.6905,4,101.0,86.20181611863862,0,2
MN0803,Upper East Side-Yorkville,Manhattan,0.13119999999999998,84046,11026.835199999998,2,11.0,9.975663733507146,0,1
QN1003,Howard Beach-Lindenwood,Queens,0.12960000000000002,27320,3540.6720000000005,1,1.5,4.2364839216962205,0,0
QN0201,Long Island City-Hunters Point,Queens,0.1292,32216,4162.3072,0,0.0,0.0,0,0
QN0503,Glendale,Queens,0.1285,35135,4514.8475,1,3.0,6.644742707256447,0,1
SI0301,Oakwood-Richmondtown,Staten Island,0.1284,22388,2874.6191999999996,0,0.0,0.0,0,0
MN0604,East Midtown-Turtle Bay,Manhattan,0.1274,45765,5830.461,3,39.5,67.74764465451359,0,2
MN0702,Upper West Side (Central),Manhattan,0.1267,101767,12893.878900000002,4,21.0,16.28679791618021,0,2
QN1302,Bellerose,Queens,0.1266,26566,3363.2556,1,1.5,4.459964327421323,0,1
SI0104,West New Brighton-Silver Lake-Grymes Hill,Staten Island,0.1264,37010,4678.064,1,1.5,3.206454635934865,0,0
BK1801,Flatlands,Brooklyn,0.1264,67087,8479.7968,9,62.5,73.70459631768534,0,2
SI0203,Todt Hill-Emerson Hill-Lighthouse Hill-Manor Heights,Staten Island,0.1258,32822,4129.0076,1,39.5,95.66463379723497,0,2
QN0703,Bay Terrace-Clearview,Queens,0.1242,23287,2892.2454000000002,0,0.0,0.0,0,0
MN0602,Gramercy,Manhattan,0.1241,28628,3552.7348,0,0.0,0.0,0,0
QN1203,Baisley Park,Queens,0.1233,43090,5312.997,10,31.0,58.34748259786331,0,2
QN0504,Middle Village,Queens,0.12300000000000001,34474,4240.302000000001,1,6.0,14.149935547043581,0,1
QN1102,Bayside,Queens,0.1225,35588,4359.53,0,0.0,0.0,0,0
BX0803,Riverdale-Spuyten Duyvil,Bronx,0.1222,47927,5856.6794,1,5.0,8.537260892238697,0,1
BK1803,Canarsie,Brooklyn,0.122,89932,10971.704,4,44.5,40.55887763650934,0,2
QN1101,Auburndale,Queens,0.1217,36182,4403.3494,0,0.0,0.0,0,0
MN0603,Murray Hill-Kips Bay,Manhattan,0.1213,63520,7704.976000000001,0,0.0,0.0,0,0
SI0202,New Dorp-Midland Beach,Staten Island,0.1213,29083,3527.7679000000003,1,1.0,2.834653606321436,0,0
QN0803,Fresh Meadows-Utopia,Queens,0.1204,23434,2821.4536,0,0.0,0.0,0,0
QN1303,Queens Village,Queens,0.1202,54345,6532.269,8,18.0,27.555509425591627,0,2
SI0204,New Springville-Willowbrook-Bulls Head-Travis,Staten Island,0.1201,42871,5148.8071,0,0.0,0.0,0,0
QN1301,Glen Oaks-Floral Park-New Hyde Park,Queens,0.11699999999999999,23364,2733.5879999999997,0,0.0,0.0,0,0
MN0202,Greenwich Village,Manhattan,0.1164,34147,3974.7108000000003,1,0.5,1.2579531572460567,0,0
BK0801,Prospect Heights,Brooklyn,0.1162,23515,2732.4429999999998,1,2.0,7.319457350070981,0,1
MN0101,Financial District-Battery Park City,Manhattan,0.1108,52992,5871.5136,0,0.0,0.0,0,0
QN1103,Douglaston-Little Neck,Queens,0.10679999999999999,25262,2697.9815999999996,1,13.0,48.18416849099342,0,2
QN1104,Oakland Gardens-Hollis Hills,Queens,0.1057,25249,2668.8193,0,0.0,0.0,0,0
BK0602,Park Slope,Brooklyn,0.10439999999999999,57405,5993.081999999999,3,7.75,12.931576774687883,0,1
SI0302,Great Kills-Eltingville,Staten Island,0.1042,54699,5699.6358,1,2.5,4.386245170261581,0,0
SI0105,Westerleigh-Castleton Corners,Staten Island,0.10310000000000001,31458,3243.3198,0,0.0,0.0,0,0
BK0201,Brooklyn Heights,Brooklyn,0.1005,25092,2521.746,0,0.0,0.0,0,0
MN0802,Upper East Side-Carnegie Hill,Manhattan,0.0999,62410,6234.759,3,37.5,60.14667126668409,0,2
BK1802,Marine Park-Mill Basin-Bergen Beach,Brooklyn,0.0983,46955,4615.6765,1,23.5,50.91344681543432,0,2
MN0102,Tribeca-Civic Center,Manhattan,0.0967,25390,2455.2129999999997,0,0.0,0.0,0,0
QN1306,Springfield Gardens (South)-Brookville,Queens,0.0959,23103,2215.5777,0,0.0,0.0,0,0
QN1307,Rosedale,Queens,0.0924,27101,2504.1324,2,4.0,15.973596284285929,0,1
SI0303,Arden Heights-Rossville,Staten Island,0.0897,30683,2752.2651,0,0.0,0.0,0,0
SI0304,Annadale-Huguenot-Prince's Bay-Woodrow,Staten Island,0.0874,40534,3542.6716,2,4.0,11.290913896732624,0,1
SI0305,Tottenville-Charleston,Staten Island,0.0828,16089,1332.1692,0,0.0,0.0,0,0
QN1205,St. Albans,Queens,0.0784,51816,4062.3743999999997,8,28.5,70.1560151619703,0,2
QN1304,Cambria Heights,Queens,0.0672,19081,1282.2432,2,4.0,31.195330183852803,0,2
QN1305,Laurelton,Queens,0.0581,26088,1515.7128,5,9.5,62.676781511642574,0,2
