vehicle,type,origin_depot,n_pickups,n_deliveries,start_load_lbs,pickup_load_lbs,delivered_load_lbs,returned_load_lbs,max_load_lbs,unused_capacity_lbs,returned_empty,route_duration_min
0,reefer,0,1,13,1000,1125.0,1926,199.0,2125.0,375.0,False,466
1,reefer,0,0,3,1000,0,994,6,1000,1500,False,282
2,reefer,0,1,9,1000,240.0,1206,34.0,1240.0,1260.0,False,695
3,reefer,0,1,8,1000,700.0,1580,120.0,1150.0,1350.0,False,556
4,reefer,0,0,5,1000,0,992,8,1000,1500,False,351
5,reefer,0,2,22,1000,2650.0,3323,327.0,2277.0,223.0,False,790
6,reefer,0,1,5,1000,450.0,1418,32.0,1000,1500,False,606
7,reefer,0,2,10,1000,1386.0,2379,7.0,1450.0,1050.0,False,678
8,reefer,0,1,15,1000,1600.0,2569,31.0,1766.0,734.0,False,664
9,reefer,0,1,19,1000,2250.0,3209,41.0,2287.0,213.0,False,830
10,reefer,0,0,4,1000,0,999,1,1000,1500,True,319
11,reefer,0,0,5,1000,0,993,7,1000,1500,False,380
12,reefer,0,0,3,1000,0,610,390,1000,1500,False,695
13,reefer,0,0,8,1000,0,960,40,1000,1500,False,567
14,reefer,0,0,9,1000,0,1000,0,1000,1500,True,654
15,reefer,0,0,2,1000,0,624,376,1000,1500,False,260
16,dry,0,0,4,1000,0,996,4,1000,1500,False,342
17,dry,0,0,6,1000,0,1000,0,1000,1500,True,498
18,dry,0,0,4,1000,0,989,11,1000,1500,False,671
19,dry,0,0,4,1000,0,988,12,1000,1500,False,272
20,dry,0,0,7,1000,0,992,8,1000,1500,False,718
21,dry,0,0,5,1000,0,992,8,1000,1500,False,667
22,dry,0,0,3,1000,0,996,4,1000,1500,False,238
23,reefer,1,0,6,1000,0,998,2,1000,1500,False,247
24,dry,1,0,5,1000,0,974,26,1000,1500,False,475
