category,product_class,cold_chain,shelf_life_h_low,shelf_life_h_high,decay_model,supply_mean_lbs,supply_cv,avail_prob,geo_hint,notes
Hunts Point,produce,1,48,120,exponential,1500,0.5,0.85,huntspoint,Wholesale produce market - the citys main produce gateway; large daily volumes
Farms,produce,1,48,120,exponential,800,0.6,0.50,huntspoint,Regional farms; seasonal and variable; enters city via market hubs
Greenmarket,produce,1,48,96,exponential,400,0.5,0.70,greenmarket,GrowNYC markets at fixed sites; supply on market days
Wholesale,produce,1,48,120,exponential,900,0.5,0.70,huntspoint,Specialty/produce wholesalers (Baldor etc.); large lots
Supermarkets,mixed,1,24,96,exponential,350,0.4,0.85,citywide,Mixed produce/dairy/meat/packaged; steady daily surplus
Bakery,bakery,0,12,36,linear,120,0.5,0.80,citywide_mh,Short shelf life; daily end-of-day surplus
Restaurants,prepared,1,4,24,linear,60,0.7,0.60,citywide_mh,Prepared meals; very short shelf life; small per-site volumes
Caterer,prepared,1,4,24,linear,200,0.9,0.30,citywide_mh,Event-driven; lumpy and unpredictable
Quickservice Restaurants,prepared,0,6,24,linear,50,0.6,0.70,citywide,Cafes/QSR sandwiches and salads; frequent small donations
Hotels,prepared,1,6,24,linear,150,0.8,0.40,citywide_mh,Banquet/event surplus; lumpy
Manufacturers,packaged,0,720,8760,none,1200,0.8,0.30,citywide_qns,Packaged goods; long shelf life; large lumpy lots
Corporate,packaged,0,720,8760,none,800,0.9,0.30,citywide,Corporate/e-commerce (Amazon/GoPuff); lumpy packaged donations
Wholesale Packaged,packaged,0,720,8760,none,1000,0.7,0.50,citywide_qns,Dry/packaged wholesale; low perishability
Nonprofit & Government Agencies,mixed,1,24,72,exponential,500,0.7,0.50,citywide,Food-rescue partners (FarmLink/Rethink); mixed loads
Religious Institutions,packaged,0,24,72,linear,100,0.8,0.30,citywide,Food drives; small mixed/packaged donations
Special Events,mixed,1,6,48,linear,600,1.0,0.15,citywide_mh,Rare large events; highly intermittent
