idx,longitude,latitude,need_pct,access_pct,poster_weight,study_reference_weight
0,-73.9056726424,40.8622163538,0.944,0.619,1.422,1.423
1,-73.8785391645,40.8264247052,0.858,0.457,1.661,1.661
2,-73.9584754472,40.6656935814,0.655,0.807,0.841,0.841
3,-73.9552821936,40.5986066305,0.508,0.157,2.14,2.143
4,-73.9021871956,40.7446590302,0.277,0.213,1.175,1.176
5,-73.7521784537,40.6051553276,0.685,0.893,0.801,0.801
6,-73.7979057589,40.7044020485,0.731,0.655,1.095,1.094
7,-73.9625129262,40.811964204,0.772,0.975,0.819,0.82
8,-73.9433679888,40.8023201119,0.909,0.949,0.963,0.964
9,-73.9472302859,40.8100316305,0.843,0.929,0.92,0.92
10,-73.9703800967,40.7586867319,0.203,0.944,0.5,0.5
11,-73.9694903577,40.7639429396,0.056,0.528,0.5,0.5
12,-73.9461180074,40.8238605972,0.812,0.589,1.302,1.302
13,-73.9625784727,40.8041168148,0.772,0.975,0.819,0.82
14,-73.9772663331,40.7888001021,0.198,0.533,0.509,0.51
15,-73.7455403217,40.6961765097,0.015,0.878,0.5,0.5
16,-73.8715487411,40.7539893877,0.533,0.594,0.918,0.918
17,-73.8710050908,40.756073506,0.533,0.594,0.918,0.918
18,-73.8730636024,40.7414233222,0.431,0.36,1.139,1.139
19,-73.7446401615,40.6101383404,0.685,0.893,0.801,0.801
20,-73.8222082489,40.7267355876,0.32,0.838,0.5,0.5
21,-73.8168871653,40.763794538,0.437,0.127,2.118,2.119
22,-73.8323344262,40.7140070809,0.234,0.98,0.5,0.5
23,-73.8925531199,40.7017468711,0.213,0.234,0.947,0.945
24,-73.832888889,40.6609866818,0.223,0.162,1.195,1.196
25,-73.9502372937,40.6641099465,0.655,0.807,0.841,0.841
26,-73.9170339768,40.6749174887,0.701,0.924,0.792,0.792
27,-73.9338061651,40.6538316797,0.35,0.904,0.5,0.5
28,-73.9341653296,40.6198947367,0.185,0.97,0.5,0.5
29,-73.9549812833,40.7292745499,0.447,0.218,1.62,1.622
30,-73.9740322595,40.6854328377,0.591,0.802,0.779,0.778
31,-73.9907439304,40.5998786262,0.675,0.822,0.849,0.849
32,-73.995632424,40.5776069456,0.888,0.741,1.165,1.165
33,-73.9535261849,40.6504426248,0.416,0.954,0.513,0.513
34,-73.9186232695,40.6570453433,0.645,0.858,0.788,0.789
35,-73.9428281942,40.6610568802,0.487,0.736,0.719,0.719
36,-73.9637639252,40.5813701686,0.822,0.188,2.878,2.876
37,-73.9771723719,40.6822239518,0.076,0.772,0.5,0.5
38,-73.918020443,40.6538787022,0.645,0.858,0.788,0.789
39,-73.9174133651,40.6202293262,0.185,0.97,0.5,0.5
40,-73.9536245046,40.6583750903,0.487,0.736,0.719,0.719
41,-73.8840519422,40.6758563876,0.756,0.792,0.962,0.962
42,-73.9375453321,40.6235013859,0.185,0.97,0.5,0.5
43,-73.9127061488,40.6589415812,0.949,0.756,1.213,1.213
44,-73.9157973947,40.6984242009,0.716,0.731,0.983,0.983
45,-73.928144441,40.632633176,0.185,0.97,0.5,0.5
46,-73.9333879081,40.6421634418,0.259,0.827,0.5,0.5
47,-74.038228767,40.6205612716,0.467,0.279,1.438,1.438
48,-73.884983004,40.6710113122,0.756,0.792,0.962,0.962
49,-73.8718405989,40.6768765071,0.627,0.35,1.553,1.554
50,-73.9106385847,40.6586926806,0.949,0.756,1.213,1.213
51,-73.9410186251,40.682196501,0.751,0.766,0.983,0.984
52,-73.9427509131,40.6913567477,0.751,0.766,0.983,0.984
53,-73.9270092798,40.6912971105,0.66,0.685,0.97,0.97
54,-73.8805701835,40.6726544586,0.756,0.792,0.962,0.962
55,-74.0261481675,40.6324515821,0.467,0.279,1.438,1.438
56,-73.905076689,40.6620552487,0.949,0.756,1.213,1.213
57,-73.9092268208,40.6388220799,0.142,0.888,0.5,0.5
58,-73.9577106824,40.6365006699,0.401,0.777,0.595,0.594
59,-73.9665352339,40.6321952635,0.518,0.716,0.771,0.771
60,-74.0313309496,40.6128396888,0.467,0.279,1.438,1.438
61,-73.8869553497,40.6328655643,0.142,0.888,0.5,0.5
62,-73.9495835891,40.6767289437,0.65,0.701,0.94,0.94
63,-73.9560770495,40.6544840013,0.416,0.954,0.513,0.513
64,-73.8893296075,40.6588483745,0.736,0.782,0.951,0.951
65,-73.9464393696,40.6806255647,0.751,0.766,0.983,0.984
66,-73.874456088,40.6836811037,0.569,0.426,1.247,1.248
67,-73.9641784942,40.6337087418,0.518,0.716,0.771,0.771
68,-73.9257490607,40.6821231594,0.66,0.685,0.97,0.97
69,-73.965235536,40.6842980537,0.269,0.609,0.552,0.552
70,-73.9221673058,40.6599606949,0.645,0.858,0.788,0.789
71,-73.9610806266,40.6544636752,0.401,0.777,0.595,0.594
72,-73.9838523297,40.6689802514,0.076,0.772,0.5,0.5
73,-73.9850475052,40.5772771596,0.888,0.741,1.165,1.165
74,-73.9098210977,40.6946499137,0.716,0.731,0.983,0.983
75,-74.0048657609,40.6519944084,0.627,0.467,1.259,1.259
76,-73.9600250935,40.6882681841,0.269,0.609,0.552,0.552
77,-73.9018057351,40.6422463388,0.142,0.888,0.5,0.5
78,-73.9721568087,40.6384951857,0.406,0.523,0.826,0.826
79,-73.8886067522,40.651153494,0.853,0.508,1.525,1.524
80,-73.9572872286,40.648682467,0.416,0.954,0.513,0.513
81,-73.9184306534,40.6516671789,0.645,0.858,0.788,0.789
82,-73.9611167526,40.6724110901,0.096,0.553,0.5,0.5
83,-73.9260760387,40.6602317657,0.645,0.858,0.788,0.789
84,-73.9489617357,40.6466730315,0.416,0.954,0.513,0.513
85,-73.9224880812,40.6714224865,0.65,0.701,0.94,0.94
86,-73.9390981635,40.622198419,0.185,0.97,0.5,0.5
87,-73.9198218817,40.6690178861,0.701,0.924,0.792,0.792
88,-73.9315915825,40.701437956,0.68,0.401,1.507,1.506
89,-73.9663043124,40.6313345677,0.518,0.716,0.771,0.771
90,-73.8865176467,40.6659963358,0.736,0.782,0.951,0.951
91,-73.9280057205,40.6553015302,0.35,0.904,0.5,0.5
92,-73.9576980257,40.6424651903,0.401,0.777,0.595,0.594
93,-73.9506515274,40.648195227,0.416,0.954,0.513,0.513
94,-73.9544275747,40.6729254875,0.65,0.701,0.94,0.94
95,-73.971195572,40.6981214046,0.5,0.5,1,1
96,-73.9579009516,40.6431586671,0.401,0.777,0.595,0.594
97,-73.9593548765,40.648057177,0.401,0.777,0.595,0.594
98,-73.9297568677,40.6430534742,0.259,0.827,0.5,0.5
99,-73.8846929063,40.6805399017,0.569,0.426,1.247,1.248
100,-73.9004342881,40.8596232444,0.959,0.746,1.238,1.238
101,-73.8914575213,40.8141419901,0.919,0.832,1.088,1.089
102,-74.0006365879,40.6139845311,0.64,0.472,1.269,1.27
103,-73.8992857998,40.821526321,0.97,0.985,0.987,0.987
104,-73.8993090176,40.8247357518,0.97,0.985,0.987,0.987
105,-73.8612295286,40.8149078446,0.848,0.538,1.45,1.451
106,-73.8775260439,40.875464329,0.863,0.579,1.39,1.39
107,-73.9080897318,40.8499230355,0.939,0.614,1.425,1.425
108,-73.9248984391,40.8098935409,0.99,0.934,1.052,1.052
109,-73.9155702451,40.8061945628,0.99,0.934,1.052,1.052
110,-73.8625103672,40.8345694844,0.787,0.416,1.654,1.655
111,-73.9008134855,40.8543039629,0.939,0.614,1.425,1.425
112,-73.8990370249,40.8222758308,0.97,0.985,0.987,0.987
113,-73.8946786029,40.8564297393,0.98,0.873,1.104,1.105
114,-73.8891468821,40.8329474604,0.924,0.883,1.039,1.04
115,-73.9123762371,40.8307444029,0.898,0.761,1.15,1.15
116,-73.9146908996,40.8139392318,0.99,0.934,1.052,1.052
117,-73.9190378384,40.8364881858,0.898,0.761,1.15,1.15
118,-73.9030338516,40.8196141156,0.985,0.959,1.023,1.023
119,-73.9544897685,40.8133869063,0.904,0.909,0.995,0.995
120,-73.9442471666,40.8065183558,0.609,0.939,0.697,0.697
121,-73.9957190929,40.7341950623,0.102,0.406,0.5,0.5
122,-73.9409257395,40.8115841787,0.843,0.929,0.92,0.92
123,-73.9209039015,40.8695979607,0.726,0.518,1.312,1.311
124,-73.9350552363,40.8507497007,0.706,0.396,1.567,1.568
125,-73.9399045864,40.8127169408,0.843,0.929,0.92,0.92
126,-73.9658397874,40.8070225691,0.772,0.975,0.819,0.82
127,-73.9418418957,40.8343028141,0.914,0.558,1.502,1.503
128,-73.9795889584,40.717523415,0.766,0.751,1.017,1.017
129,-73.9438944561,40.8300169794,0.812,0.589,1.302,1.302
130,-73.9377593221,40.8259344477,0.843,0.929,0.92,0.92
131,-73.9379248647,40.8048243312,0.909,0.949,0.963,0.964
132,-73.983510348,40.5885511127,0.67,0.853,0.818,0.818
133,-73.9480946278,40.6623559495,0.487,0.736,0.719,0.719
134,-73.8800018904,40.6715179145,0.756,0.792,0.962,0.962
135,-73.9473061422,40.6834788903,0.751,0.766,0.983,0.984
136,-73.8775423047,40.6474756825,0.853,0.508,1.525,1.524
137,-73.946407183,40.6951495589,0.751,0.766,0.983,0.984
138,-73.9765557991,40.6796969756,0.076,0.772,0.5,0.5
139,-73.9615405416,40.7124546686,0.513,0.305,1.458,1.457
140,-73.9594858018,40.6450839483,0.401,0.777,0.595,0.594
141,-73.9138246299,40.6803676955,0.701,0.924,0.792,0.792
142,-73.9421528643,40.6910985013,0.66,0.685,0.97,0.97
143,-73.9344359813,40.6416896128,0.259,0.827,0.5,0.5
144,-73.9446562873,40.6687434626,0.655,0.807,0.841,0.841
145,-73.9450961696,40.6469483351,0.416,0.954,0.513,0.513
146,-73.9504366992,40.690101893,0.751,0.766,0.983,0.984
147,-74.014492712,40.6391943203,0.807,0.492,1.49,1.491
148,-73.9815758048,40.6847521014,0.426,0.604,0.764,0.764
149,-73.9559579426,40.704949722,0.929,0.548,1.545,1.546
150,-73.9362842748,40.6322404,0.185,0.97,0.5,0.5
151,-73.9441259643,40.7066049803,0.797,0.721,1.087,1.087
152,-73.9299019584,40.6607879049,0.35,0.904,0.5,0.5
153,-73.9067485435,40.6759456548,0.701,0.924,0.792,0.792
154,-73.9144207509,40.6602629883,0.949,0.756,1.213,1.213
155,-73.9556002868,40.668719658,0.655,0.807,0.841,0.841
156,-73.9291836293,40.6566278407,0.35,0.904,0.5,0.5
157,-73.9211162151,40.811235607,0.99,0.934,1.052,1.052
158,-73.8438703557,40.8713646563,0.558,0.513,1.069,1.068
159,-73.885060369,40.851637931,0.98,0.873,1.104,1.105
160,-73.8869582833,40.8171923742,0.919,0.832,1.088,1.089
161,-73.851393952,40.8866890803,0.721,0.65,1.089,1.089
162,-73.9011443192,40.8422087928,0.995,0.797,1.209,1.209
163,-73.9188010497,40.8150006741,0.99,0.934,1.052,1.052
164,-73.9165799291,40.81809565,0.985,0.959,1.023,1.023
165,-73.8797131268,40.8696200195,0.863,0.579,1.39,1.39
166,-73.8663358678,40.8333860016,0.858,0.457,1.661,1.661
167,-73.8310675015,40.8803523196,0.315,0.244,1.181,1.18
168,-73.9085567714,40.8536010146,0.954,0.421,1.933,1.933
169,-73.8797490922,40.8316126423,0.858,0.457,1.661,1.661
170,-73.901634409,40.8616830552,0.959,0.746,1.238,1.238
171,-73.8484113355,40.821722709,0.802,0.574,1.316,1.315
172,-73.8894705333,40.8429873441,0.964,0.863,1.1,1.1
173,-73.8959938911,40.823797272,0.97,0.985,0.987,0.987
174,-73.90436297,40.8176307058,0.985,0.959,1.023,1.023
175,-73.8486387366,40.8757116789,0.558,0.513,1.069,1.068
176,-73.9163400391,40.8363832025,0.934,0.584,1.477,1.477
177,-73.9255280299,40.809224076,0.99,0.934,1.052,1.052
178,-73.9092226298,40.831438634,0.995,0.797,1.209,1.209
179,-73.8441950706,40.824114066,0.802,0.574,1.316,1.315
180,-73.9067087534,40.825656298,0.975,0.964,1.009,1.01
181,-73.9257001103,40.8396806432,0.883,0.665,1.268,1.267
182,-73.8805823372,40.8819655845,0.863,0.579,1.39,1.39
183,-73.9032348496,40.8289314391,0.975,0.964,1.009,1.01
184,-73.8903926843,40.8308634259,0.924,0.883,1.039,1.04
185,-73.8571747829,40.8345250603,0.787,0.416,1.654,1.655
186,-73.7971123279,40.6982302855,0.482,0.914,0.594,0.594
187,-73.8255130657,40.7040034052,0.31,0.69,0.547,0.548
188,-73.7225321651,40.7614282429,0.086,0.848,0.5,0.5
189,-73.9916419676,40.7614802945,0.574,0.569,1.007,1.007
190,-73.9418540494,40.756916935,0.777,1,0.806,0.806
191,-73.9371155919,40.7542084068,0.777,1,0.806,0.806
192,-73.9405277809,40.7599367671,0.777,1,0.806,0.806
193,-73.9268673742,40.7456539202,0.462,0.477,0.976,0.976
194,-73.9300458757,40.7371547542,0.462,0.477,0.976,0.976
195,-73.9529651003,40.8162717059,0.904,0.909,0.995,0.995
196,-74.0019205278,40.7441535176,0.454,0.817,0.625,0.625
197,-73.7517933053,40.6031224647,0.685,0.893,0.801,0.801
198,-73.7429483858,40.7147705046,0.117,0.706,0.5,0.5
199,-73.7463456549,40.7088860314,0.117,0.706,0.5,0.5
200,-73.8331841835,40.8771694176,0.315,0.244,1.181,1.18
201,-73.8435652544,40.6932183684,0.355,0.66,0.624,0.623
202,-73.8292058808,40.696941526,0.355,0.66,0.624,0.623
203,-73.8854685677,40.8407850847,1,0.68,1.385,1.386
204,-73.8041069423,40.6744534246,0.325,0.33,0.989,0.99
205,-73.7934154057,40.6738038271,0.162,0.919,0.5,0.5
206,-73.8927928423,40.7384780053,0.277,0.213,1.175,1.176
207,-73.9210412809,40.737009412,0.462,0.477,0.976,0.976
208,-73.9376781014,40.6231512318,0.185,0.97,0.5,0.5
209,-73.9616900747,40.5818022557,0.822,0.188,2.878,2.876
210,-73.9413313539,40.5987309341,0.421,0.096,2.318,2.321
211,-73.9237134317,40.6387333575,0.185,0.97,0.5,0.5
212,-73.9410246601,40.6689654154,0.655,0.807,0.841,0.841
213,-73.9748708689,40.6046235378,0.675,0.822,0.849,0.849
214,-73.9398344299,40.6633611911,0.655,0.807,0.841,0.841
215,-73.997000183,40.6253704245,0.64,0.472,1.269,1.27
216,-73.994726005,40.639623348,0.832,0.345,1.984,1.984
217,-73.8658499689,40.855342816,0.741,0.31,1.939,1.937
218,-73.9345933934,40.8540678447,0.706,0.396,1.567,1.568
219,-73.9781824751,40.7202455219,0.746,0.64,1.135,1.134
220,-73.8472029166,40.7286840867,0.234,0.98,0.5,0.5
221,-73.7516587757,40.6052874683,0.685,0.893,0.801,0.801
222,-74.1262039515,40.5947434113,0.178,0.99,0.5,0.5
223,-74.214453322,40.5276518923,0.025,0.112,0.67,0.668
224,-73.8454556,40.7234257,0.234,0.98,0.5,0.5
225,-73.9460927779,40.697754403,0.751,0.766,0.983,0.984
226,-73.9202666254,40.8215359602,0.985,0.959,1.023,1.023
227,-73.9097298188,40.8151349941,0.985,0.959,1.023,1.023
228,-73.9239961533,40.8611389021,0.726,0.518,1.312,1.311
229,-73.9418668737,40.8308003102,0.812,0.589,1.302,1.302
230,-73.9367171244,40.7740101811,0.695,0.386,1.578,1.576
231,-73.9446387691,40.7554557597,0.777,1,0.806,0.806
232,-74.0806224915,40.622138656,0.665,0.995,0.712,0.712
233,-73.9382635774,40.6707450611,0.65,0.701,0.94,0.94
234,-73.9827148216,40.6782940126,0.411,0.843,0.565,0.565
235,-73.9184467466,40.6571944573,0.645,0.858,0.788,0.789
236,-73.9139371989,40.678329049,0.701,0.924,0.792,0.792
237,-73.9184828726,40.669760397,0.701,0.924,0.792,0.792
238,-73.9310625167,40.6601912811,0.35,0.904,0.5,0.5
239,-73.8472553873,40.8713220762,0.558,0.513,1.069,1.068
240,-73.8962272433,40.8261247169,0.97,0.985,0.987,0.987
241,-73.891099614,40.8321441807,0.924,0.883,1.039,1.04
242,-73.8694475656,40.8379102595,0.858,0.457,1.661,1.661
243,-73.9265588363,40.8353102351,0.883,0.665,1.268,1.267
244,-73.9212391777,40.6674891527,0.949,0.756,1.213,1.213
245,-73.9475992573,40.6479074762,0.416,0.954,0.513,0.513
246,-73.9773128526,40.7893183552,0.198,0.533,0.509,0.51
247,-73.9694240568,40.796453576,0.617,0.711,0.891,0.891
248,-73.9554740554,40.7733487761,0.239,0.629,0.5,0.5
249,-73.9862898709,40.7231161561,0.746,0.64,1.135,1.134
250,-73.976236281,40.7900202138,0.198,0.533,0.509,0.51
251,-73.972581702,40.7573445204,0.203,0.944,0.5,0.5
252,-73.9228338347,40.6893023852,0.66,0.685,0.97,0.97
253,-73.884983004,40.6710113122,0.756,0.792,0.962,0.962
254,-73.8781858673,40.675713518,0.756,0.792,0.962,0.962
255,-73.9802349517,40.6866414662,0.426,0.604,0.764,0.764
256,-73.9475863492,40.6863399691,0.751,0.766,0.983,0.984
257,-73.9668456158,40.7638117209,0.056,0.528,0.5,0.5
258,-73.9173147706,40.6892631998,0.716,0.731,0.983,0.983
259,-74.0098265065,40.6446936031,0.807,0.492,1.49,1.491
260,-73.9146914025,40.6877574328,0.716,0.731,0.983,0.983
261,-73.8991589816,40.8618440716,0.959,0.746,1.238,1.238
262,-73.8835519617,40.8405716395,1,0.68,1.385,1.386
263,-73.9048921195,40.8275250396,0.975,0.964,1.009,1.01
264,-73.886562406,40.865752553,0.878,0.898,0.981,0.981
265,-73.9166621556,40.8084439723,0.99,0.934,1.052,1.052
266,-73.8592045446,40.8850891846,0.721,0.65,1.089,1.089
267,-73.9134156769,40.8227072893,0.975,0.964,1.009,1.01
268,-73.9728432866,40.7927616829,0.198,0.533,0.509,0.51
269,-73.9650593484,40.8069133949,0.772,0.975,0.819,0.82
270,-73.972581702,40.7573445204,0.203,0.944,0.5,0.5
271,-73.9549817862,40.8039672397,0.609,0.939,0.697,0.697
272,-73.9344187146,40.7970594618,0.909,0.949,0.963,0.964
273,-73.9989306191,40.7491598608,0.454,0.817,0.625,0.625
274,-73.9427396813,40.8170887319,0.843,0.929,0.92,0.92
275,-73.9830761654,40.7793999653,0.33,0.193,1.4,1.399
276,-73.9491240931,40.7958691059,0.873,0.695,1.21,1.211
277,-73.9465979552,40.8119369628,0.843,0.929,0.92,0.92
278,-73.9870762611,40.7636435799,0.574,0.569,1.007,1.007
279,-74.0005695326,40.7381450342,0.284,0.497,0.671,0.671
280,-73.9474898735,40.779771116,0.228,0.371,0.727,0.726
281,-73.9801270766,40.7260145763,0.746,0.64,1.135,1.134
282,-73.9955059411,40.7378120212,0.376,0.635,0.67,0.67
283,-73.8648381894,40.7538474401,0.533,0.594,0.918,0.918
284,-73.796373044,40.7059006489,0.731,0.655,1.095,1.094
285,-73.7934460835,40.6993264708,0.482,0.914,0.594,0.594
286,-73.7914318283,40.6779620893,0.162,0.919,0.5,0.5
287,-73.9245099639,40.8271023821,0.898,0.761,1.15,1.15
288,-73.880645872,40.752344523,0.591,0.452,1.232,1.231
289,-74.0787561769,40.6233625815,0.665,0.995,0.712,0.712
290,-74.0756302297,40.6256007665,0.665,0.995,0.712,0.712
291,-74.0798104527,40.6250957496,0.665,0.995,0.712,0.712
292,-73.9673350351,40.5934520115,0.635,0.645,0.987,0.987
293,-73.9040708607,40.8139683589,0.985,0.959,1.023,1.023
294,-73.9248572262,40.8417259114,0.883,0.665,1.268,1.267
295,-73.910559711,40.8222320773,0.985,0.959,1.023,1.023
296,-73.9922269406,40.7550815077,0.574,0.569,1.007,1.007
297,-73.9965048125,40.6026043792,0.64,0.472,1.269,1.27
298,-73.9375807875,40.6196387115,0.051,0.67,0.5,0.5
299,-73.9347881889,40.6646411916,0.655,0.807,0.841,0.841
300,-73.8907788386,40.6323981474,0.142,0.888,0.5,0.5
301,-73.88571575,40.6514927515,0.853,0.508,1.525,1.524
302,-73.9353907639,40.84841379,0.914,0.558,1.502,1.503
303,-73.9452767996,40.7812141025,0.228,0.371,0.727,0.726
304,-73.9366673277,40.7957730912,0.909,0.949,0.963,0.964
305,-73.9408762166,40.7898107501,0.873,0.695,1.21,1.211
306,-73.9974422446,40.7554485932,0.454,0.817,0.625,0.625
307,-73.9479648759,40.8048265105,0.609,0.939,0.697,0.697
308,-73.9839425189,40.723772962,0.746,0.64,1.135,1.134
309,-73.9823617758,40.7195056932,0.766,0.751,1.017,1.017
310,-73.9510697843,40.8005923502,0.609,0.939,0.697,0.697
311,-73.9942659223,40.757317548,0.574,0.569,1.007,1.007
312,-73.9473274322,40.7919273064,0.873,0.695,1.21,1.211
313,-73.9417043486,40.819538427,0.843,0.929,0.92,0.92
314,-73.9932138259,40.7489108344,0.376,0.635,0.67,0.67
315,-73.938845952,40.8158869347,0.843,0.929,0.92,0.92
316,-73.9361381224,40.8039011455,0.909,0.949,0.963,0.964
317,-73.9983262001,40.7378272762,0.284,0.497,0.671,0.671
318,-73.9884646395,40.7173839401,0.766,0.751,1.017,1.017
319,-73.9188998723,40.8651313283,0.726,0.518,1.312,1.311
320,-73.9449447924,40.8142537627,0.843,0.929,0.92,0.92
321,-73.8978069806,40.6992807894,0.538,0.299,1.531,1.532
322,-73.7814919808,40.6949140693,0.015,0.878,0.5,0.5
323,-73.76817716,40.7120303347,0.292,0.868,0.5,0.5
324,-73.7916654319,40.6903166793,0.482,0.914,0.594,0.594
325,-73.8045097766,40.5888303558,0.782,0.442,1.575,1.574
326,-73.7970550795,40.6900653479,0.482,0.914,0.594,0.594
327,-73.7994713307,40.6928951203,0.482,0.914,0.594,0.594
328,-73.7697998964,40.6828197793,0.254,0.624,0.521,0.522
329,-73.895242202,40.700857635,0.538,0.299,1.531,1.532
330,-73.9018485667,40.756493104,0.563,0.437,1.216,1.215
331,-73.8610950829,40.7572547676,0.533,0.594,0.918,0.918
332,-73.7630107225,40.6903132427,0.015,0.878,0.5,0.5
333,-73.8007609704,40.7097653769,0.731,0.655,1.095,1.094
334,-73.8501509157,40.7361693777,0.234,0.98,0.5,0.5
335,-73.7668610335,40.703583388,0.015,0.878,0.5,0.5
336,-73.7678960309,40.7127329897,0.292,0.868,0.5,0.5
337,-73.7550866389,40.6771098593,0.005,0.675,0.5,0.5
338,-73.8214827952,40.7542099993,0.761,0.228,2.408,2.41
339,-73.8116717775,40.7045137792,0.731,0.655,1.095,1.094
340,-73.7613489264,40.5956065378,0.685,0.893,0.801,0.801
341,-73.8007795782,40.7073575494,0.731,0.655,1.095,1.094
342,-73.7427974277,40.675312444,0.005,0.675,0.5,0.5
343,-73.7989586097,40.7078909318,0.731,0.655,1.095,1.094
344,-73.754630831,40.7138938833,0.292,0.868,0.5,0.5
345,-73.8061314234,40.6823758318,0.325,0.33,0.989,0.99
346,-73.7438274798,40.6731407767,0.005,0.675,0.5,0.5
347,-73.8744238177,40.7485148733,0.431,0.36,1.139,1.139
348,-73.776844,40.6766449,0.254,0.624,0.521,0.522
349,-73.7825004914,40.6691831353,0.254,0.624,0.521,0.522
350,-73.740050702,40.7210938122,0.117,0.706,0.5,0.5
351,-73.7746964366,40.686702235,0.162,0.919,0.5,0.5
352,-73.8689599065,40.7574479285,0.365,0.543,0.744,0.743
353,-73.7523253047,40.6801782226,0.005,0.675,0.5,0.5
354,-73.7317494969,40.7181328394,0.117,0.706,0.5,0.5
355,-73.757181025,40.7060513556,0.292,0.868,0.5,0.5
356,-73.7906355475,40.6769530339,0.162,0.919,0.5,0.5
357,-73.7804849789,40.5934839885,0.782,0.442,1.575,1.574
358,-73.8182162837,40.7538358731,0.579,0.325,1.534,1.535
359,-73.8011065562,40.6756240831,0.162,0.919,0.5,0.5
360,-73.8724207943,40.7567560443,0.533,0.594,0.918,0.918
361,-73.8096084883,40.7184254754,0.32,0.838,0.5,0.5
362,-73.8132069636,40.6843621049,0.325,0.33,0.989,0.99
363,-73.794500024,40.7068392964,0.731,0.655,1.095,1.094
364,-73.7343242456,40.6719841997,0.036,0.315,0.5,0.5
365,-73.9144419571,40.7567003885,0.563,0.437,1.216,1.215
366,-73.7886642077,40.6723761375,0.162,0.919,0.5,0.5
367,-73.7794169568,40.6948364948,0.015,0.878,0.5,0.5
368,-73.7549966172,40.7063096858,0.292,0.868,0.5,0.5
369,-73.7566584972,40.6680922306,0.005,0.675,0.5,0.5
370,-73.7559916329,40.7061644693,0.292,0.868,0.5,0.5
371,-74.160540334,40.5396944659,0.071,0.137,0.77,0.77
372,-74.1649504724,40.636459892,0.388,0.107,2.098,2.093
373,-74.0923532164,40.6048925131,0.264,0.365,0.803,0.804
374,-74.0811803909,40.6303035098,0.665,0.995,0.712,0.712
375,-74.0860332614,40.6313133615,0.185,0.447,0.562,0.561
376,-74.0782850301,40.6425731073,0.711,0.726,0.983,0.983
377,-74.2224429521,40.511892196,0.025,0.112,0.67,0.668
378,-74.0857501207,40.6145358927,0.665,0.995,0.712,0.712
379,-73.9470141167,40.6373017284,0.259,0.827,0.5,0.5
380,-73.9077293938,40.8096070871,0.99,0.934,1.052,1.052
381,-73.9381883917,40.818223013,0.843,0.929,0.92,0.92
382,-74.134309168,40.6402137692,0.617,0.787,0.818,0.819
383,-73.9884295193,40.576109309,0.888,0.741,1.165,1.165
384,-73.96130786,40.6816071275,0.751,0.766,0.983,0.984
385,-73.9334290633,40.6543825384,0.35,0.904,0.5,0.5
386,-73.8967432333,40.6745292389,0.756,0.792,0.962,0.962
387,-73.8571646408,40.6836973227,0.497,0.355,1.281,1.281
388,-73.8564419532,40.872376352,0.299,0.482,0.711,0.71
389,-73.9323467919,40.6951971262,0.66,0.685,0.97,0.97
390,-73.8687367802,40.7616220744,0.365,0.543,0.744,0.743
391,-73.9551568841,40.6504399006,0.416,0.954,0.513,0.513
392,-73.9625784727,40.8041168148,0.772,0.975,0.819,0.82
393,-73.8935927273,40.6617543384,0.736,0.782,0.951,0.951
394,-73.8991796849,40.6760026937,0.756,0.792,0.962,0.962
395,-73.9891843097,40.7209190916,0.766,0.751,1.017,1.017
396,-73.893611419,40.6723604634,0.756,0.792,0.962,0.962
397,-73.9070416586,40.85562164,0.954,0.421,1.933,1.933
398,-73.8499227603,40.6800948226,0.249,0.142,1.365,1.366
399,-73.9724715492,40.6455473838,0.406,0.523,0.826,0.826
400,-73.9470600495,40.6785973537,0.751,0.766,0.983,0.984
401,-73.9370454354,40.6518915625,0.35,0.904,0.5,0.5
402,-73.7666916353,40.7187588237,0.277,0.254,1.057,1.057
403,-73.8621392166,40.8353497977,0.787,0.416,1.654,1.655
404,-73.7890811236,40.6973548796,0.482,0.914,0.594,0.594
405,-73.9747518459,40.6100092459,0.64,0.472,1.269,1.27
406,-74.1305018562,40.6358940716,0.617,0.787,0.818,0.819
407,-74.0051147873,40.6776517493,0.411,0.843,0.565,0.565
408,-73.9010913419,40.8769843477,0.827,0.391,1.807,1.806
409,-73.9711948177,40.6401361947,0.406,0.523,0.826,0.826
410,-74.0014871834,40.6072359256,0.64,0.472,1.269,1.27
411,-73.9080998739,40.7064372584,0.538,0.299,1.531,1.532
412,-73.8802544372,40.7256856704,0.157,0.284,0.708,0.707
413,-73.8352745463,40.6811576479,0.325,0.33,0.989,0.99
414,-73.8513492764,40.839724732,0.792,0.168,2.966,2.962
415,-73.8766991691,40.6706304805,0.756,0.792,0.962,0.962
416,-73.7875767396,40.6979788284,0.482,0.914,0.594,0.594
417,-73.9532391047,40.6508787352,0.416,0.954,0.513,0.513
418,-73.9388923878,40.624301229,0.185,0.97,0.5,0.5
419,-73.8542641671,40.81305448,0.848,0.538,1.45,1.451
420,-73.7354229455,40.7142197297,0.117,0.706,0.5,0.5
421,-73.7396691338,40.6964384442,0.01,0.563,0.5,0.5
422,-73.8562856307,40.8147026137,0.848,0.538,1.45,1.451
423,-73.7630025082,40.6990574536,0.015,0.878,0.5,0.5
424,-73.9249168215,40.6523735219,0.35,0.904,0.5,0.5
425,-73.9128569392,40.6605211928,0.949,0.756,1.213,1.213
426,-73.9799528168,40.6165306599,0.551,0.289,1.595,1.597
427,-74.0875978062,40.6382444449,0.711,0.726,0.983,0.983
428,-73.7671532309,40.7033864693,0.015,0.878,0.5,0.5
429,-73.8976327208,40.698174001,0.538,0.299,1.531,1.532
430,-73.998311867,40.737530012,0.284,0.497,0.671,0.671
431,-73.8829099079,40.747979144,0.591,0.452,1.232,1.231
432,-73.9959015669,40.7411855276,0.454,0.817,0.625,0.625
433,-73.9641099985,40.6340966069,0.518,0.716,0.771,0.771
434,-73.856494843,40.8891521445,0.721,0.65,1.089,1.089
435,-73.8996254345,40.8640042976,0.944,0.619,1.422,1.423
436,-73.8950947644,40.6590092232,0.736,0.782,0.951,0.951
437,-73.8950947644,40.6590092232,0.736,0.782,0.951,0.951
438,-73.8245309581,40.6905109299,0.36,0.411,0.91,0.909
439,-73.8495804434,40.8715711445,0.299,0.482,0.711,0.71
440,-73.9258218156,40.8372604944,0.883,0.665,1.268,1.267
441,-73.9780989829,40.693511599,0.591,0.802,0.779,0.778
442,-73.8994705369,40.8205970194,0.97,0.985,0.987,0.987
443,-73.8993261167,40.8561800424,0.959,0.746,1.238,1.238
444,-73.9813930793,40.7006870213,0.426,0.604,0.764,0.764
445,-73.8863250305,40.663153739,0.736,0.782,0.951,0.951
446,-73.9254258545,40.6716686211,0.65,0.701,0.94,0.94
447,-73.9359324863,40.8021630351,0.909,0.949,0.963,0.964
448,-73.8368673594,40.6988823138,0.355,0.66,0.624,0.623
449,-73.8004707889,40.7074576713,0.731,0.655,1.095,1.094
450,-73.9633118892,40.5766418951,0.822,0.188,2.878,2.876
451,-73.9130532434,40.6681058093,0.949,0.756,1.213,1.213
452,-74.0796713131,40.6252009424,0.665,0.995,0.712,0.712
453,-73.9827148216,40.6782940126,0.411,0.843,0.565,0.565
454,-73.8488816441,40.8216269458,0.802,0.574,1.316,1.315
455,-74.1118921871,40.5714845101,0.129,0.122,1.028,1.026
456,-74.0167982383,40.6459752799,0.627,0.467,1.259,1.259
457,-73.789409778,40.7168108694,0.277,0.254,1.057,1.057
458,-73.8115731225,40.7211000988,0.32,0.838,0.5,0.5
459,-73.857642039,40.8808680097,0.721,0.65,1.089,1.089
460,-73.7539196265,40.6908325016,0.015,0.878,0.5,0.5
461,-73.8559665316,40.8963549234,0.525,0.381,1.273,1.271
462,-73.8797477511,40.7639680434,0.365,0.543,0.744,0.743
463,-73.9462097054,40.8032212084,0.609,0.939,0.697,0.697
464,-73.9115637792,40.8372712232,0.934,0.584,1.477,1.477
465,-73.9781784213,40.7208609563,0.746,0.64,1.135,1.134
466,-73.9136516274,40.8525701244,0.954,0.421,1.933,1.933
467,-74.0813668488,40.6298832593,0.665,0.995,0.712,0.712
468,-73.8983302628,40.8469644752,0.964,0.863,1.1,1.1
469,-73.9061440406,40.8466319651,0.939,0.614,1.425,1.425
470,-73.9876690293,40.7164053529,0.766,0.751,1.017,1.017
471,-73.8549286844,40.83425378,0.787,0.416,1.654,1.655
472,-73.988546866,40.6742274904,0.411,0.843,0.565,0.565
473,-73.9680636739,40.6937040997,0.269,0.609,0.552,0.552
474,-73.8472552196,40.8713220343,0.558,0.513,1.069,1.068
475,-73.8261241903,40.8388795009,0.525,0.132,2.395,2.394
476,-73.9987826785,40.5739256556,0.888,0.741,1.165,1.165
477,-73.9683511732,40.6364942578,0.518,0.716,0.771,0.771
478,-73.8933472214,40.8148080161,0.919,0.832,1.088,1.089
479,-73.8934893785,40.8426627986,0.964,0.863,1.1,1.1
480,-73.8861744077,40.7445941124,0.431,0.36,1.139,1.139
481,-73.9384843567,40.8286607037,0.843,0.929,0.92,0.92
482,-73.9206011472,40.8654111581,0.726,0.518,1.312,1.311
483,-73.9249168215,40.6523735219,0.35,0.904,0.5,0.5
484,-73.8559096185,40.8903755252,0.525,0.381,1.273,1.271
485,-73.7510915723,40.7077314242,0.117,0.706,0.5,0.5
486,-73.8912144461,40.6628970432,0.736,0.782,0.951,0.951
487,-73.7333376956,40.6677545238,0.036,0.315,0.5,0.5
488,-73.7260642991,40.7262638122,0.193,0.208,0.957,0.958
489,-73.8945114677,40.7496700253,0.591,0.452,1.232,1.231
490,-73.9436207032,40.6871414467,0.751,0.766,0.983,0.984
491,-73.9296645342,40.8305959394,0.883,0.665,1.268,1.267
492,-73.7944742077,40.7578963604,0.437,0.127,2.118,2.119
493,-73.9042571066,40.9070614636,0.147,0.34,0.606,0.606
494,-73.9287748439,40.6670416848,0.655,0.807,0.841,0.841
495,-73.9561527381,40.8148490036,0.904,0.909,0.995,0.995
496,-73.9164273785,40.6714835487,0.701,0.924,0.792,0.792
497,-73.9655864863,40.7713333474,0.056,0.528,0.5,0.5
498,-73.9866663022,40.750098592,0.376,0.635,0.67,0.67
499,-73.9405710315,40.8352292659,0.914,0.558,1.502,1.503
500,-74.0802212498,40.6376591328,0.711,0.726,0.983,0.983
501,-74.0919169384,40.5924180618,0.264,0.365,0.803,0.804
502,-73.7491613039,40.7141423648,0.117,0.706,0.5,0.5
503,-73.9989231592,40.6293183847,0.832,0.345,1.984,1.984
504,-73.8713986212,40.7426112894,0.431,0.36,1.139,1.139
505,-73.9454929689,40.6432771034,0.259,0.827,0.5,0.5
506,-73.9554199921,40.6487975505,0.416,0.954,0.513,0.513
507,-73.9263038588,40.6992857348,0.68,0.401,1.507,1.506
508,-73.8967099571,40.8343590567,0.924,0.883,1.039,1.04
509,-73.843565422,40.6932183684,0.355,0.66,0.624,0.623
510,-73.7357857142,40.7265831208,0.117,0.706,0.5,0.5
511,-73.9194319555,40.6731616057,0.701,0.924,0.792,0.792
512,-73.7923011155,40.6841608,0.162,0.919,0.5,0.5
513,-73.9222975606,40.8316869479,0.898,0.761,1.15,1.15
514,-73.7391623639,40.6947067849,0.01,0.563,0.5,0.5
515,-73.8845739671,40.8711600541,0.878,0.898,0.981,0.981
516,-73.7877600518,40.7072126263,0.731,0.655,1.095,1.094
517,-73.7895161443,40.6876163234,0.162,0.919,0.5,0.5
518,-73.8207317767,40.5839022997,0.782,0.442,1.575,1.574
519,-73.9054389549,40.8468761299,0.939,0.614,1.425,1.425
520,-73.7783905928,40.6798066528,0.162,0.919,0.5,0.5
521,-73.9247413883,40.8181673991,0.985,0.959,1.023,1.023
522,-73.9009144874,40.8241752958,0.97,0.985,0.987,0.987
523,-73.9169415244,40.8442836492,0.934,0.584,1.477,1.477
524,-73.7993472786,40.6733245918,0.162,0.919,0.5,0.5
525,-73.9338091826,40.6349989682,0.259,0.827,0.5,0.5
526,-73.9097910067,40.8374021486,0.934,0.584,1.477,1.477
527,-73.9082649974,40.6679566115,0.949,0.756,1.213,1.213
