strategy,setting,metric,median,minimum,maximum,poster_display
Unweighted,gamma=0,served,231,224,236,231
Unweighted,gamma=0,high_need_pct,26.3,24.4,28.2,26
Unweighted,gamma=0,nw_pct,29.17,28.42,30.68,29
Unweighted,gamma=0,travel_min,12412,11958,12868,"12,412"
Random-preference,Random-preference,served,234,221,238,234
Random-preference,Random-preference,high_need_pct,25.3,21.8,27.6,25
Random-preference,Random-preference,nw_pct,31.47,30.99,31.93,31
Random-preference,Random-preference,travel_min,13034,12715,14521,"13,034"
Need-only,Need-only,served,209,206,214,209
Need-only,Need-only,high_need_pct,57.7,56.2,58.9,58
Need-only,Need-only,nw_pct,36.42,35.78,36.79,36
Need-only,Need-only,travel_min,12991,12424,13621,"12,991"
Access-only,Access-only,served,194,190,198,194
Access-only,Access-only,high_need_pct,22.4,21.2,25.3,22
Access-only,Access-only,nw_pct,41.53,40.57,41.85,42
Access-only,Access-only,travel_min,13501,12538,14053,"13,501"
Need-access,gamma=1,served,183,182,191,183
Need-access,gamma=1,high_need_pct,44.1,43.4,46.5,44
Need-access,gamma=1,nw_pct,45.69,45.27,46.69,46
Need-access,gamma=1,travel_min,13146,12366,13306,"13,146"
