Weighted.Score,Food.Insecure.Percentage,NTA,NTA.Name,Sg Abv Ca,Unemployment.Rate,Food.Insecure.Percentage Rank,Geometry,Rank,sg abv ca Rank,Unemployment.Rate Rank,Unemployment.Rate.Perc,
6.81171,15.74%,BK0101,Greenpoint,"832,109.80",741.51%,110,MultiPolygon,44,32,97,7.42%,
6.32693,16.48%,BK0102,Williamsburg,"443,867.70",694.02%,97,MultiPolygon,75,73,113,6.94%,
8.03365,27.58%,BK0103,South Williamsburg,"1,429,612.60",967.98%,15,MultiPolygon,5,6,41,9.68%,
6.83298,21.34%,BK0104,East Williamsburg,"649,433.60",739.65%,41,MultiPolygon,43,54,99,7.40%,
5.63713,10.05%,BK0201,Brooklyn Heights,"191,997.00",407.41%,186,MultiPolygon,139,102,187,4.07%,
5.02645,15.69%,BK0202,Downtown Brooklyn-DUMBO-Boerum Hill,"-433,190.30",563.38%,114,MultiPolygon,166,152,142,5.63%,
6.03665,17.64%,BK0203,Fort Greene,"24,006.00",774.07%,81,MultiPolygon,102,115,86,7.74%,
5.77126,13.50%,BK0204,Clinton Hill,"-163,812.30",749.54%,145,MultiPolygon,129,133,92,7.50%,
5.97941,20.74%,BK0301,Bedford-Stuyvesant (West),"-76,669.50",771.07%,50,MultiPolygon,111,127,87,7.71%,
1.88056,19.31%,BK0302,Bedford-Stuyvesant (East),"-3,433,887.50",863.93%,68,MultiPolygon,195,194,63,8.64%,
6.40931,19.60%,BK0401,Bushwick (West),"258,015.00",791.51%,64,MultiPolygon,66,94,81,7.92%,
5.23432,20.19%,BK0402,Bushwick (East),"-669,668.30",788.13%,57,MultiPolygon,157,162,82,7.88%,
3.5707,17.01%,BK0501,Cypress Hills,"-1,866,471.30",675.33%,86,MultiPolygon,184,184,117,6.75%,
2.90556,20.75%,BK0502,East New York (North),"-2,528,540.90",861.27%,49,MultiPolygon,188,187,64,8.61%,
5.11041,20.46%,BK0503,East New York-New Lots,"-1,056,202.00",1166.11%,53,MultiPolygon,162,175,26,11.66%,
6.07701,24.42%,BK0504,Spring Creek-Starrett City,"-33,765.50",881.62%,30,MultiPolygon,97,120,57,8.82%,
2.4526,18.01%,BK0505,East New York-City Line,"-2,694,419.20",633.56%,75,MultiPolygon,191,190,126,6.34%,
5.72971,15.41%,BK0601,Carroll Gardens-Cobble Hill-Gowanus-Red Hook,"-13,121.30",705.82%,117,MultiPolygon,133,119,108,7.06%,
6.02847,10.44%,BK0602,Park Slope,"419,912.80",483.66%,183,MultiPolygon,104,76,169,4.84%,
6.34954,13.74%,BK0701,Windsor Terrace-South Slope,"519,105.50",686.21%,138,MultiPolygon,71,67,116,6.86%,
6.28291,18.01%,BK0702,Sunset Park (West),"326,688.20",547.45%,74,MultiPolygon,80,88,147,5.47%,
7.18786,21.66%,BK0703,Sunset Park (Central),"816,273.20",756.17%,39,MultiPolygon,27,33,89,7.56%,
5.6927,11.62%,BK0801,Prospect Heights,"16,778.80",458.26%,179,MultiPolygon,135,116,175,4.58%,
5.07895,18.85%,BK0802,Crown Heights (North),"-869,560.60",864.64%,70,MultiPolygon,163,170,61,8.65%,
5.85874,18.86%,BK0901,Crown Heights (South),"-92,997.10",918.07%,69,MultiPolygon,125,128,50,9.18%,
5.14947,16.04%,BK0902,Prospect Lefferts Gardens-Wingate,"-618,053.70",689.97%,102,MultiPolygon,160,160,115,6.90%,
7.6983,15.93%,BK1001,Bay Ridge,"1,509,838.60",667.57%,106,MultiPolygon,13,5,119,6.68%,
6.79901,17.61%,BK1002,Dyker Heights,"804,460.80",708.69%,83,MultiPolygon,46,34,105,7.09%,
8.4845,18.70%,BK1101,Bensonhurst,"1,919,779.70",724.67%,72,MultiPolygon,3,1,101,7.25%,
6.33998,16.30%,BK1102,Bath Beach,"680,486.80",458.85%,99,MultiPolygon,72,50,174,4.59%,
7.36905,19.40%,BK1103,Gravesend (West),"1,040,119.70",907.52%,65,MultiPolygon,20,20,54,9.08%,
7.3286,22.14%,BK1201,Sunset Park (East)-Borough Park (West),"841,216.50",940.64%,37,MultiPolygon,23,30,46,9.41%,
7.35034,22.77%,BK1202,Borough Park,"1,125,782.30",802.59%,34,MultiPolygon,21,16,79,8.03%,
5.35263,15.30%,BK1203,Kensington,"-123,504.10",501.13%,118,MultiPolygon,153,131,166,5.01%,
5.73161,16.87%,BK1204,Mapleton-Midwood (West),"124,639.90",564.74%,89,MultiPolygon,132,112,141,5.65%,
4.34172,19.39%,BK1301,Gravesend (South),"-1,135,714.20",777.98%,66,MultiPolygon,180,177,84,7.78%,
8.01669,25.94%,BK1302,Coney Island-Sea Gate,"1,136,751.70",1255.40%,23,MultiPolygon,7,15,19,12.55%,
6.56392,22.27%,BK1303,Brighton Beach,"616,526.50",509.72%,36,MultiPolygon,58,56,163,5.10%,
5.92648,15.16%,BK1401,Flatbush,"58,511.60",531.62%,119,MultiPolygon,117,114,157,5.32%,
4.31924,16.52%,BK1402,Flatbush (West)-Ditmas Park-Parkville,"-1,053,831.50",623.87%,96,MultiPolygon,181,174,127,6.24%,
6.4598,17.83%,BK1403,Midwood,"668,199.40",554.08%,79,MultiPolygon,63,53,145,5.54%,
7.27398,18.32%,BK1501,Gravesend (East)-Homecrest,"1,088,156.80",806.11%,73,MultiPolygon,24,18,75,8.06%,
6.29221,16.34%,BK1502,Madison,"570,650.00",538.03%,98,MultiPolygon,79,58,152,5.38%,
7.47224,15.53%,BK1503,Sheepshead Bay-Manhattan Beach-Gerritsen Beach,"1,275,373.90",538.41%,115,MultiPolygon,19,8,151,5.38%,
2.64299,20.09%,BK1601,Ocean Hill,"-2,697,008.40",831.51%,60,MultiPolygon,189,191,71,8.32%,
6.25906,27.97%,BK1602,Brownsville,"-362,087.10",1395.84%,11,MultiPolygon,81,148,10,13.96%,
5.29301,15.51%,BK1701,East Flatbush-Erasmus,"-629,945.00",818.86%,116,MultiPolygon,156,161,74,8.19%,
5.52621,13.38%,BK1702,East Flatbush-Farragut,"-550,831.10",966.12%,147,MultiPolygon,148,156,42,9.66%,
4.51253,14.25%,BK1703,East Flatbush-Rugby,"-1,266,140.90",863.97%,129,MultiPolygon,177,178,62,8.64%,
4.73391,18.82%,BK1704,East Flatbush-Remsen Village,"-1,362,070.40",1183.02%,71,MultiPolygon,174,180,24,11.83%,
2.34484,12.64%,BK1801,Flatlands,"-2,760,245.70",792.73%,161,MultiPolygon,192,192,80,7.93%,
4.83132,9.83%,BK1802,Marine Park-Mill Basin-Bergen Beach,"-428,318.40",386.15%,188,MultiPolygon,170,150,190,3.86%,
1.78849,12.20%,BK1803,Canarsie,"-3,964,753.00",755.21%,170,MultiPolygon,196,197,90,7.55%,
6.32952,32.65%,BX0101,Mott Haven-Port Morris,"-352,804.40",1442.92%,3,MultiPolygon,74,146,7,14.43%,
4.47628,30.77%,BX0102,Melrose,"-1,829,261.40",1521.43%,4,MultiPolygon,178,183,4,15.21%,
5.6684,27.03%,BX0201,Hunts Point,"-605,316.50",1183.40%,17,MultiPolygon,136,159,23,11.83%,
4.94789,29.78%,BX0202,Longwood,"-1,432,771.60",1472.33%,7,MultiPolygon,167,181,5,14.72%,
3.43217,29.98%,BX0301,Morrisania,"-2,661,061.00",1540.20%,6,MultiPolygon,185,189,3,15.40%,
6.22783,33.36%,BX0302,Claremont Village-Claremont (East),"-365,907.50",1423.32%,2,MultiPolygon,84,149,8,14.23%,
5.62879,27.24%,BX0303,Crotona Park East,"-746,029.40",1308.90%,16,MultiPolygon,141,166,16,13.09%,
5.1331,26.29%,BX0401,Concourse-Concourse Village,"-1,017,592.70",1053.82%,21,MultiPolygon,161,173,31,10.54%,
6.60962,25.85%,BX0402,Highbridge,"413,230.80",845.52%,24,MultiPolygon,56,77,67,8.46%,
7.95131,27.78%,BX0403,Mount Eden-Claremont (West),"955,939.10",1371.32%,14,MultiPolygon,9,23,12,13.71%,
8.02484,28.18%,BX0501,University Heights (South)-Morris Heights,"1,175,200.00",1167.44%,10,MultiPolygon,6,12,25,11.67%,
7.12219,27.90%,BX0502,Mount Hope,"234,728.20",1444.53%,13,MultiPolygon,30,96,6,14.45%,
6.8899,28.65%,BX0503,Fordham Heights,"135,585.70",1378.09%,9,MultiPolygon,39,110,11,13.78%,
7.90384,34.94%,BX0601,West Farms,"628,197.20",1809.21%,1,MultiPolygon,10,55,1,18.09%,
5.71196,28.96%,BX0602,Tremont,"-604,983.90",1214.11%,8,MultiPolygon,134,158,21,12.14%,
6.40388,30.58%,BX0603,Belmont,"-214,163.10",1361.64%,5,MultiPolygon,68,138,13,13.62%,
6.84913,27.95%,BX0701,University Heights (North)-Fordham,"-107,190.70",1607.34%,12,MultiPolygon,42,129,2,16.07%,
6.72406,25.64%,BX0702,Bedford Park,"-12,451.90",1355.23%,25,MultiPolygon,50,118,14,13.55%,
6.0028,24.68%,BX0703,Norwood,"-178,311.50",912.92%,28,MultiPolygon,107,135,52,9.13%,
7.63937,22.53%,BX0801,Kingsbridge Heights-Van Cortlandt Village,"1,040,934.20",1039.67%,35,MultiPolygon,14,19,32,10.40%,
7.10317,24.96%,BX0802,Kingsbridge-Marble Hill,"834,841.90",805.29%,27,MultiPolygon,33,31,78,8.05%,
6.71819,12.22%,BX0803,Riverdale-Spuyten Duyvil,"908,273.80",553.17%,169,MultiPolygon,51,28,146,5.53%,
8.78049,24.61%,BX0901,Soundview-Bruckner-Bronx River,"1,914,186.80",937.80%,29,MultiPolygon,2,2,47,9.38%,
6.74913,24.24%,BX0902,Soundview-Clason Point,"137,765.10",1308.76%,31,MultiPolygon,47,109,17,13.09%,
6.05233,21.53%,BX0903,Castle Hill-Unionport,"-63,151.10",875.87%,40,MultiPolygon,99,125,58,8.76%,
7.07132,21.21%,BX0904,Parkchester,"753,633.20",1080.84%,43,MultiPolygon,34,40,28,10.81%,
5.33884,21.31%,BX1001,Westchester Square,"-260,907.40",670.60%,42,MultiPolygon,155,142,118,6.71%,
6.98214,16.59%,BX1002,Throgs Neck-Schuylerville,"958,106.50",746.25%,95,MultiPolygon,37,22,94,7.46%,
6.80818,17.73%,BX1003,Pelham Bay-Country Club-City Island,"767,136.10",820.67%,80,MultiPolygon,45,38,73,8.21%,
6.30376,13.86%,BX1004,Co-op City,"515,050.20",647.90%,136,MultiPolygon,77,68,123,6.48%,
7.04081,20.67%,BX1101,Pelham Parkway-Van Nest,"782,676.50",1014.34%,52,MultiPolygon,36,36,34,10.14%,
6.09603,16.86%,BX1102,Morris Park,"282,841.90",731.13%,91,MultiPolygon,95,91,100,7.31%,
6.12152,13.68%,BX1103,Pelham Gardens,"146,358.10",707.02%,139,MultiPolygon,91,107,107,7.07%,
7.83632,23.54%,BX1104,Allerton,"1,171,906.60",1068.36%,33,MultiPolygon,12,13,29,10.68%,
6.02042,20.26%,BX1201,Williamsbridge-Olinville,"-208,553.30",960.85%,56,MultiPolygon,106,137,43,9.61%,
5.54066,16.96%,BX1202,Eastchester-Edenwald-Baychester,"-583,709.00",983.48%,88,MultiPolygon,146,157,37,9.83%,
6.55528,16.59%,BX1203,Wakefield-Woodlawn,"277,293.30",909.85%,94,MultiPolygon,59,92,53,9.10%,
5.62931,11.08%,MN0101,Financial District-Battery Park City,"216,904.90",350.45%,180,MultiPolygon,140,99,192,3.50%,
5.81369,9.67%,MN0102,Tribeca-Civic Center,"224,004.50",265.50%,189,MultiPolygon,127,98,196,2.66%,
5.92606,14.18%,MN0201,SoHo-Little Italy-Hudson Square,"272,864.60",370.48%,131,MultiPolygon,118,93,191,3.70%,
6.21272,11.64%,MN0202,Greenwich Village,"328,183.70",574.42%,178,MultiPolygon,87,87,138,5.74%,
6.2256,13.57%,MN0203,West Village,"375,918.50",741.45%,142,MultiPolygon,85,82,98,7.41%,
7.99624,26.20%,MN0301,Chinatown-Two Bridges,"1,269,669.60",1084.16%,22,MultiPolygon,8,9,27,10.84%,
6.19497,20.96%,MN0302,Lower East Side,"236,389.40",647.31%,47,MultiPolygon,90,95,124,6.47%,
6.85453,20.68%,MN0303,East Village,"800,198.20",555.20%,51,MultiPolygon,41,35,144,5.55%,
5.87294,15.79%,MN0401,Chelsea-Hudson Yards,"214,434.20",560.22%,108,MultiPolygon,124,101,143,5.60%,
6.53051,17.02%,MN0402,Hell's Kitchen,"740,579.00",537.01%,85,MultiPolygon,60,43,154,5.37%,
5.75952,14.70%,MN0501,Midtown South-Flatiron-Union Square,"127,174.10",600.83%,124,MultiPolygon,130,111,133,6.01%,
5.46253,15.79%,MN0502,Midtown-Times Square,"-35,886.70",516.70%,109,MultiPolygon,149,121,160,5.17%,
6.0424,14.67%,MN0601,Stuyvesant Town-Peter Cooper Village,"322,294.00",420.81%,125,MultiPolygon,101,89,185,4.21%,
5.95683,12.41%,MN0602,Gramercy,"336,315.80",303.30%,165,MultiPolygon,112,86,195,3.03%,
6.23799,12.13%,MN0603,Murray Hill-Kips Bay,"696,020.30",320.32%,172,MultiPolygon,83,45,194,3.20%,
6.52061,12.74%,MN0604,East Midtown-Turtle Bay,"722,173.60",592.32%,158,MultiPolygon,61,44,136,5.92%,
7.11107,14.05%,MN0701,Upper West Side-Lincoln Square,"1,107,387.10",613.09%,133,MultiPolygon,32,17,131,6.13%,
5.95648,12.67%,MN0702,Upper West Side (Central),"357,763.80",390.22%,159,MultiPolygon,113,84,188,3.90%,
7.20725,17.95%,MN0703,Upper West Side-Manhattan Valley,"932,663.50",749.39%,76,MultiPolygon,26,27,93,7.49%,
6.73965,13.22%,MN0801,Upper East Side-Lenox Hill-Roosevelt Island,"942,235.30",409.58%,151,MultiPolygon,49,25,186,4.10%,
4.77142,9.99%,MN0802,Upper East Side-Carnegie Hill,"-548,732.70",454.49%,187,MultiPolygon,173,155,179,4.54%,
6.20816,13.12%,MN0803,Upper East Side-Yorkville,"526,175.00",476.41%,153,MultiPolygon,88,65,171,4.76%,
5.93043,20.97%,MN0901,Morningside Heights,"-231,853.90",937.58%,46,MultiPolygon,116,140,48,9.38%,
7.23103,26.32%,MN0902,Manhattanville-West Harlem,"523,884.70",1299.85%,20,MultiPolygon,25,66,18,13.00%,
7.18438,21.91%,MN0903,Hamilton Heights-Sugar Hill,"682,912.60",990.22%,38,MultiPolygon,28,48,36,9.90%,
4.70585,17.86%,MN1001,Harlem (South),"-1,059,664.50",805.31%,78,MultiPolygon,176,176,77,8.05%,
7.575,24.06%,MN1002,Harlem (North),"752,761.10",1238.09%,32,MultiPolygon,15,41,20,12.38%,
7.48968,25.34%,MN1101,East Harlem (South),"950,307.50",981.20%,26,MultiPolygon,17,24,38,9.81%,
5.90884,26.68%,MN1102,East Harlem (North),"-355,884.80",1055.74%,19,MultiPolygon,121,147,30,10.56%,
8.91946,26.78%,MN1201,Washington Heights (South),"1,628,949.20",1417.65%,18,MultiPolygon,1,4,9,14.18%,
7.47395,20.15%,MN1202,Washington Heights (North),"685,258.40",1196.63%,59,MultiPolygon,18,47,22,11.97%,
5.2335,20.37%,MN1203,Inwood,"-677,676.40",826.18%,55,MultiPolygon,158,163,72,8.26%,
7.3455,15.95%,QN0101,Astoria (North)-Ditmars-Steinway,"1,231,612.60",744.76%,105,MultiPolygon,22,10,95,7.45%,
5.94775,19.98%,QN0102,Old Astoria-Hallets Point,"144,727.50",757.32%,61,MultiPolygon,114,108,88,7.57%,
6.96581,16.07%,QN0103,Astoria (Central),"998,214.80",647.96%,101,MultiPolygon,38,21,122,6.48%,
6.70947,17.00%,QN0104,Astoria (East)-Woodside (North),"672,033.80",805.49%,87,MultiPolygon,52,52,76,8.05%,
1.78837,21.01%,QN0105,Queensbridge-Ravenswood-Dutch Kills,"-3,573,891.30",847.32%,45,MultiPolygon,197,196,65,8.47%,
5.44447,12.92%,QN0201,Long Island City-Hunters Point,"-207,956.20",469.89%,155,MultiPolygon,151,136,173,4.70%,
5.34386,15.91%,QN0202,Sunnyside,"-499,470.90",644.19%,107,MultiPolygon,154,154,125,6.44%,
4.72618,13.52%,QN0203,Woodside,"-700,613.90",457.26%,143,MultiPolygon,175,164,176,4.57%,
8.3709,17.64%,QN0301,Jackson Heights,"1,682,791.80",885.63%,82,MultiPolygon,4,3,56,8.86%,
5.55546,14.51%,QN0302,East Elmhurst,"-233,424.40",596.99%,126,MultiPolygon,143,141,134,5.97%,
6.1045,16.79%,QN0303,North Corona,"215,846.80",436.78%,93,MultiPolygon,94,100,181,4.37%,
7.51178,15.70%,QN0401,Elmhurst,"1,199,304.10",540.26%,113,MultiPolygon,16,11,149,5.40%,
7.90299,19.83%,QN0402,Corona,"1,328,334.30",700.81%,62,MultiPolygon,11,7,110,7.01%,
6.66557,14.80%,QN0501,Maspeth,"741,803.90",667.53%,122,MultiPolygon,53,42,120,6.68%,
7.05062,16.81%,QN0502,Ridgewood,"933,076.50",708.66%,92,MultiPolygon,35,26,106,7.09%,
5.7553,12.85%,QN0503,Glendale,"191,608.30",508.05%,156,MultiPolygon,131,103,164,5.08%,
4.80326,12.30%,QN0504,Middle Village,"-483,885.70",424.94%,167,MultiPolygon,171,153,184,4.25%,
6.29572,15.73%,QN0601,Rego Park,"545,695.40",584.01%,111,MultiPolygon,78,62,137,5.84%,
6.08351,13.17%,QN0602,Forest Hills,"400,747.30",432.55%,152,MultiPolygon,96,79,182,4.33%,
6.86672,14.84%,QN0701,College Point,"680,590.20",943.97%,120,MultiPolygon,40,49,44,9.44%,
6.66191,13.26%,QN0702,Whitestone-Beechhurst,"610,427.20",871.11%,150,MultiPolygon,54,57,60,8.71%,
6.11844,12.42%,QN0703,Bay Terrace-Clearview,"466,270.70",531.71%,164,MultiPolygon,92,71,156,5.32%,
7.11644,15.71%,QN0704,Murray Hill-Broadway Flushing,"1,141,938.90",521.41%,112,MultiPolygon,31,14,158,5.21%,
5.98743,17.44%,QN0705,East Flushing,"168,863.90",709.29%,84,MultiPolygon,110,106,103,7.09%,
6.02045,14.79%,QN0706,Queensboro Hill,"363,838.10",540.08%,123,MultiPolygon,105,83,150,5.40%,
7.13226,20.93%,QN0707,Flushing-Willets Point,"848,259.80",775.10%,48,MultiPolygon,29,29,85,7.75%,
5.0675,13.90%,QN0801,Kew Gardens Hills,"-432,982.80",616.41%,135,MultiPolygon,164,151,130,6.16%,
5.92015,16.00%,QN0802,Pomonok-Electchester-Hillcrest,"116,150.40",752.94%,104,MultiPolygon,119,113,91,7.53%,
5.90963,12.04%,QN0803,Fresh Meadows-Utopia,"385,055.80",432.36%,174,MultiPolygon,120,81,183,4.32%,
6.40405,13.52%,QN0804,Jamaica Estates-Holliswood,"308,644.00",778.43%,144,MultiPolygon,67,90,83,7.78%,
6.2173,16.87%,QN0805,Jamaica Hills-Briarwood,"-42,632.50",980.54%,90,MultiPolygon,86,123,39,9.81%,
5.83076,13.84%,QN0901,Kew Gardens,"169,984.40",616.57%,137,MultiPolygon,126,105,129,6.17%,
2.33964,14.32%,QN0902,Richmond Hill,"-2,582,926.10",602.99%,128,MultiPolygon,193,188,132,6.03%,
5.54014,14.34%,QN0903,South Richmond Hill,"-282,488.50",653.80%,127,MultiPolygon,147,144,121,6.54%,
4.78721,16.15%,QN0904,Ozone Park (North),"-721,969.80",694.89%,100,MultiPolygon,172,165,112,6.95%,
5.64258,14.20%,QN0905,Woodhaven,"-306,872.20",743.98%,130,MultiPolygon,138,145,96,7.44%,
6.33243,14.03%,QN1001,South Ozone Park,"-41,175.60",969.60%,134,MultiPolygon,73,122,40,9.70%,
5.37701,13.32%,QN1002,Ozone Park,"-168,225.50",595.16%,149,MultiPolygon,152,134,135,5.95%,
6.56652,12.96%,QN1003,Howard Beach-Lindenwood,"568,422.40",831.63%,154,MultiPolygon,57,59,70,8.32%,
6.45404,12.17%,QN1101,Auburndale,"676,624.20",569.18%,171,MultiPolygon,64,51,140,5.69%,
6.39873,12.25%,QN1102,Bayside,"694,876.20",512.52%,168,MultiPolygon,69,46,161,5.13%,
5.93571,10.68%,QN1103,Douglaston-Little Neck,"351,451.30",497.37%,181,MultiPolygon,115,85,167,4.97%,
5.99554,10.57%,QN1104,Oakland Gardens-Hollis Hills,"433,142.50",455.58%,182,MultiPolygon,109,74,178,4.56%,
2.10935,20.44%,QN1201,Jamaica,"-3,542,838.00",1016.54%,54,MultiPolygon,194,195,33,10.17%,
2.93347,16.03%,QN1202,South Jamaica,"-2,921,530.90",1347.54%,103,MultiPolygon,187,193,15,13.48%,
5.19354,12.33%,QN1203,Baisley Park,"-772,610.80",905.33%,166,MultiPolygon,159,167,55,9.05%,
4.84827,13.37%,QN1204,Springfield Gardens (North)-Rochdale Village,"-961,632.40",838.09%,148,MultiPolygon,169,172,68,8.38%,
2.6421,7.84%,QN1205,St. Albans,"-2,396,073.30",442.70%,195,MultiPolygon,190,186,180,4.43%,
5.05511,13.64%,QN1206,Hollis,"-863,121.10",914.77%,140,MultiPolygon,165,168,51,9.15%,
5.89707,11.70%,QN1301,Glen Oaks-Floral Park-New Hyde Park,"412,723.90",387.24%,177,MultiPolygon,122,78,189,3.87%,
6.34968,12.66%,QN1302,Bellerose,"500,356.00",708.89%,160,MultiPolygon,70,69,104,7.09%,
4.06199,12.02%,QN1303,Queens Village,"-1,715,951.30",941.09%,175,MultiPolygon,182,182,45,9.41%,
4.43647,6.72%,QN1304,Cambria Heights,"-865,531.20",546.28%,196,MultiPolygon,179,169,148,5.46%,
3.81923,5.81%,QN1305,Laurelton,"-1,291,586.70",476.25%,197,MultiPolygon,183,179,172,4.76%,
5.58445,9.59%,QN1306,Springfield Gardens (South)-Brookville,"-273,574.90",705.27%,190,MultiPolygon,142,143,109,7.05%,
5.65402,9.24%,QN1307,Rosedale,"-51,395.70",716.03%,191,MultiPolygon,137,124,102,7.16%,
6.11616,19.74%,QN1401,Far Rockaway-Bayswater,"-159,657.40",993.35%,63,MultiPolygon,93,132,35,9.93%,
6.03034,21.03%,QN1402,Rockaway Beach-Arverne-Edgemere,"-116,307.90",925.48%,44,MultiPolygon,103,130,49,9.25%,
6.61739,13.64%,QN1403,Breezy Point-Belle Harbor-Rockaway Park-Broad Channel,"548,422.10",691.39%,141,MultiPolygon,55,61,114,6.91%,
5.99819,20.18%,SI0101,St. George-New Brighton,"-66,480.80",846.60%,58,MultiPolygon,108,126,66,8.47%,
3.17661,19.32%,SI0102,Tompkinsville-Stapleton-Clifton-Fox Hills,"-2,000,244.40",509.83%,67,MultiPolygon,186,185,162,5.10%,
5.55022,14.15%,SI0103,Rosebank-Shore Acres-Park Hill,"15,748.60",537.35%,132,MultiPolygon,144,117,153,5.37%,
5.44631,12.64%,SI0104,West New Brighton-Silver Lake-Grymes Hill,"-217,631.70",507.67%,162,MultiPolygon,150,139,165,5.08%,
6.06971,10.31%,SI0105,Westerleigh-Castleton Corners,"467,863.90",483.81%,185,MultiPolygon,98,70,168,4.84%,
4.9458,17.95%,SI0106,Port Richmond,"-916,272.50",875.56%,77,MultiPolygon,168,171,59,8.76%,
6.74813,14.80%,SI0107,Mariner's Harbor-Arlington-Graniteville,"531,830.80",834.69%,121,MultiPolygon,48,63,69,8.35%,
6.23863,13.42%,SI0201,Grasmere-Arrochar-South Beach-Dongan Hills,"526,239.10",572.99%,146,MultiPolygon,82,64,139,5.73%,
6.3248,12.13%,SI0202,New Dorp-Midland Beach,"554,150.90",620.72%,173,MultiPolygon,76,60,128,6.21%,
5.80432,12.58%,SI0203,Todt Hill-Emerson Hill-Lighthouse Hill-Manor Heights,"230,434.70",518.93%,163,MultiPolygon,128,97,159,5.19%,
6.41326,12.01%,SI0204,New Springville-Willowbrook-Bulls Head-Travis,"756,226.90",456.02%,176,MultiPolygon,65,39,177,4.56%,
6.20365,12.84%,SI0301,Oakwood-Richmondtown,"393,103.40",700.09%,157,MultiPolygon,89,80,111,7.00%,
6.51795,10.42%,SI0302,Great Kills-Eltingville,"778,565.20",533.10%,184,MultiPolygon,62,37,155,5.33%,
6.04298,8.97%,SI0303,Arden Heights-Rossville,"452,995.90",476.47%,192,MultiPolygon,100,72,170,4.76%,
5.87697,8.74%,SI0304,Annadale-Huguenot-Prince's Bay-Woodrow,"427,883.40",350.04%,193,MultiPolygon,123,75,193,3.50%,
5.54171,8.28%,SI0305,Tottenville-Charleston,"187,147.00",158.11%,194,MultiPolygon,145,104,197,1.58%,