policy,replicate_seed,status,solver_status,audit_passed,sites_served,high_need_coverage_pct,reference_weighted_coverage_pct,delivered_lbs,driving_min,service_min,waiting_min,elapsed_min
unweighted,1,solved,ROUTING_PARTIAL_SUCCESS_LOCAL_OPTIMUM_NOT_REACHED,True,110,7.264314197577308,12.20382481895106,15325,2421,1760,4939,9120
unweighted,2,solved,ROUTING_PARTIAL_SUCCESS_LOCAL_OPTIMUM_NOT_REACHED,True,95,7.006621021744038,11.155176976027105,13463,2034,1519,4086,7639
unweighted,3,solved,ROUTING_PARTIAL_SUCCESS_LOCAL_OPTIMUM_NOT_REACHED,True,98,7.439244601610112,12.878091912769056,14659,2148,1578,4148,7874
unweighted,4,solved,ROUTING_PARTIAL_SUCCESS_LOCAL_OPTIMUM_NOT_REACHED,True,95,6.6454743811601835,11.479202999139078,12831,2088,1513,3771,7372
unweighted,5,solved,ROUTING_PARTIAL_SUCCESS_LOCAL_OPTIMUM_NOT_REACHED,True,86,6.314423293958318,11.000716002371972,12562,1865,1382,3592,6839
random_preference,1,solved,ROUTING_PARTIAL_SUCCESS_LOCAL_OPTIMUM_NOT_REACHED,True,138,16.98893988413212,16.597452563581772,19940,6686,2434,2031,11151
random_preference,2,solved,ROUTING_PARTIAL_SUCCESS_LOCAL_OPTIMUM_NOT_REACHED,True,103,10.62937326010082,12.540508432304298,15110,5101,1649,2289,9039
random_preference,3,solved,ROUTING_PARTIAL_SUCCESS_LOCAL_OPTIMUM_NOT_REACHED,True,104,10.830637273342864,12.370158814024505,14842,5288,1664,2567,9519
random_preference,4,solved,ROUTING_PARTIAL_SUCCESS_LOCAL_OPTIMUM_NOT_REACHED,True,109,10.71401700398766,12.698241895665277,15422,5410,1741,2458,9609
random_preference,5,solved,ROUTING_PARTIAL_SUCCESS_LOCAL_OPTIMUM_NOT_REACHED,True,116,11.25009404860432,12.953731193137672,15447,5154,1846,2381,9381
need_only,1,solved,ROUTING_PARTIAL_SUCCESS_LOCAL_OPTIMUM_NOT_REACHED,True,105,33.626137988112255,19.324398508645444,18243,5053,1961,2570,9584
need_only,2,solved,ROUTING_PARTIAL_SUCCESS_LOCAL_OPTIMUM_NOT_REACHED,True,83,28.810849446994208,16.51745176514112,15334,3821,1385,3629,8835
need_only,3,solved,ROUTING_PARTIAL_SUCCESS_LOCAL_OPTIMUM_NOT_REACHED,True,79,28.97637499059514,16.6218237393267,15405,3689,1325,3151,8165
need_only,4,solved,ROUTING_PARTIAL_SUCCESS_LOCAL_OPTIMUM_NOT_REACHED,True,94,28.639680987134152,16.7015380935817,15548,4514,1552,2878,8944
need_only,5,solved,ROUTING_PARTIAL_SUCCESS_LOCAL_OPTIMUM_NOT_REACHED,True,92,28.436536001805734,16.41973826712004,15332,4186,1520,3114,8820
access_only,1,solved,ROUTING_PARTIAL_SUCCESS_LOCAL_OPTIMUM_NOT_REACHED,True,155,20.82424196824919,32.47056524769781,27751,7869,2785,2609,13263
access_only,2,solved,ROUTING_PARTIAL_SUCCESS_LOCAL_OPTIMUM_NOT_REACHED,True,109,16.048453840945,23.56062787556632,18422,6176,2013,2449,10638
access_only,3,solved,ROUTING_PARTIAL_SUCCESS_LOCAL_OPTIMUM_NOT_REACHED,True,173,22.494545180949515,37.84915294310771,32082,8859,3091,2671,14621
access_only,4,solved,ROUTING_PARTIAL_SUCCESS_LOCAL_OPTIMUM_NOT_REACHED,True,171,22.67888044541419,37.59430048852605,31919,9470,3067,3228,15765
access_only,5,solved,ROUTING_PARTIAL_SUCCESS_LOCAL_OPTIMUM_NOT_REACHED,True,177,23.878940636520955,37.455329119325015,31327,9024,3143,2627,14794
equity,1,solved,ROUTING_PARTIAL_SUCCESS_LOCAL_OPTIMUM_NOT_REACHED,True,160,39.66029644120081,40.68982623755238,30672,8140,2902,3941,14983
equity,2,solved,ROUTING_PARTIAL_SUCCESS_LOCAL_OPTIMUM_NOT_REACHED,True,172,38.22887668347002,41.394178978542186,31444,8754,3080,3188,15022
equity,3,solved,ROUTING_PARTIAL_SUCCESS_LOCAL_OPTIMUM_NOT_REACHED,True,117,31.47430592130013,28.924406947038936,21187,6633,2179,2405,11217
equity,4,solved,ROUTING_PARTIAL_SUCCESS_LOCAL_OPTIMUM_NOT_REACHED,True,165,40.96381009705816,41.995054207850664,31666,8837,2989,3179,15005
equity,5,solved,ROUTING_PARTIAL_SUCCESS_LOCAL_OPTIMUM_NOT_REACHED,True,151,39.28974494018509,39.553843544113725,29414,8883,2757,2998,14638
