policy,metric,expected_runs,valid_runs,failed_runs,median,min,max
unweighted,sites_served,5,5,0,95,86,110
unweighted,high_need_coverage_pct,5,5,0,7.006621021744038,6.314423293958318,7.439244601610112
unweighted,reference_weighted_coverage_pct,5,5,0,11.479202999139078,11.000716002371972,12.878091912769056
unweighted,delivered_lbs,5,5,0,13463,12562,15325
unweighted,driving_min,5,5,0,2088,1865,2421
unweighted,service_min,5,5,0,1519,1382,1760
unweighted,waiting_min,5,5,0,4086,3592,4939
unweighted,elapsed_min,5,5,0,7639,6839,9120
random_preference,sites_served,5,5,0,109,103,138
random_preference,high_need_coverage_pct,5,5,0,10.830637273342864,10.62937326010082,16.98893988413212
random_preference,reference_weighted_coverage_pct,5,5,0,12.698241895665277,12.370158814024505,16.597452563581772
random_preference,delivered_lbs,5,5,0,15422,14842,19940
random_preference,driving_min,5,5,0,5288,5101,6686
random_preference,service_min,5,5,0,1741,1649,2434
random_preference,waiting_min,5,5,0,2381,2031,2567
random_preference,elapsed_min,5,5,0,9519,9039,11151
need_only,sites_served,5,5,0,92,79,105
need_only,high_need_coverage_pct,5,5,0,28.810849446994208,28.436536001805734,33.626137988112255
need_only,reference_weighted_coverage_pct,5,5,0,16.6218237393267,16.41973826712004,19.324398508645444
need_only,delivered_lbs,5,5,0,15405,15332,18243
need_only,driving_min,5,5,0,4186,3689,5053
need_only,service_min,5,5,0,1520,1325,1961
need_only,waiting_min,5,5,0,3114,2570,3629
need_only,elapsed_min,5,5,0,8835,8165,9584
access_only,sites_served,5,5,0,171,109,177
access_only,high_need_coverage_pct,5,5,0,22.494545180949515,16.048453840945,23.878940636520955
access_only,reference_weighted_coverage_pct,5,5,0,37.455329119325015,23.56062787556632,37.84915294310771
access_only,delivered_lbs,5,5,0,31327,18422,32082
access_only,driving_min,5,5,0,8859,6176,9470
access_only,service_min,5,5,0,3067,2013,3143
access_only,waiting_min,5,5,0,2627,2449,3228
access_only,elapsed_min,5,5,0,14621,10638,15765
equity,sites_served,5,5,0,160,117,172
equity,high_need_coverage_pct,5,5,0,39.28974494018509,31.47430592130013,40.96381009705816
equity,reference_weighted_coverage_pct,5,5,0,40.68982623755238,28.924406947038936,41.995054207850664
equity,delivered_lbs,5,5,0,30672,21187,31666
equity,driving_min,5,5,0,8754,6633,8883
equity,service_min,5,5,0,2902,2179,3080
equity,waiting_min,5,5,0,3179,2405,3941
equity,elapsed_min,5,5,0,14983,11217,15022
