idx,nta,borough,need_pct,access_pct,need_tier,demand_lbs,cold_frac,w_gamma1
0,BX0701,BX,0.944,0.619,high,336,0.314,1.423
1,BX0901,BX,0.858,0.457,high,422,0.0,1.661
2,BK0901,BK,0.655,0.807,mid,148,0.722,0.841
3,BK1502,BK,0.508,0.157,mid,371,0.239,2.143
4,QN0203,QN,0.277,0.213,low,212,0.746,1.176
5,QN1401,QN,0.685,0.893,high,96,0.69,0.801
6,QN1201,QN,0.731,0.655,high,55,0.565,1.094
7,MN0901,NY,0.772,0.975,high,340,0.0,0.82
8,MN1102,NY,0.909,0.949,high,30,0.0,0.964
9,MN1002,NY,0.843,0.929,high,184,0.245,0.92
10,MN0604,NY,0.203,0.944,low,10,0.47,0.5
11,MN0802,NY,0.056,0.528,low,20,0.357,0.5
12,MN0903,NY,0.812,0.589,high,368,0.536,1.302
13,MN0901,NY,0.772,0.975,high,56,0.398,0.82
14,MN0702,NY,0.198,0.533,low,233,0.397,0.51
15,QN1205,QN,0.015,0.878,low,62,0.0,0.5
16,QN0303,QN,0.533,0.594,mid,99,0.577,0.918
17,QN0303,QN,0.533,0.594,mid,93,0.091,0.918
18,QN0401,QN,0.431,0.36,mid,126,0.0,1.139
19,QN1401,QN,0.685,0.893,high,189,0.528,0.801
20,QN0801,QN,0.32,0.838,low,289,0.8,0.5
21,QN0704,QN,0.437,0.127,mid,209,0.947,2.119
22,QN0602,QN,0.234,0.98,low,388,0.253,0.5
23,QN0503,QN,0.213,0.234,low,267,0.668,0.945
24,QN1003,QN,0.223,0.162,low,142,0.749,1.196
25,BK0901,BK,0.655,0.807,mid,70,0.758,0.841
26,BK1601,BK,0.701,0.924,high,113,0.336,0.792
27,BK1703,BK,0.35,0.904,mid,208,0.586,0.5
28,BK1801,BK,0.185,0.97,low,368,0.83,0.5
29,BK0101,BK,0.447,0.218,mid,450,0.384,1.622
30,BK0203,BK,0.591,0.802,mid,387,0.617,0.778
31,BK1103,BK,0.675,0.822,high,306,0.655,0.849
32,BK1302,BK,0.888,0.741,high,248,0.114,1.165
33,BK1701,BK,0.416,0.954,mid,91,0.596,0.513
34,BK1704,BK,0.645,0.858,mid,86,0.726,0.789
35,BK0902,BK,0.487,0.736,mid,168,0.771,0.719
36,BK1303,BK,0.822,0.188,high,157,0.76,2.876
37,BK0602,BK,0.076,0.772,low,116,0.364,0.5
38,BK1704,BK,0.645,0.858,mid,88,0.703,0.789
39,BK1801,BK,0.185,0.97,low,62,0.768,0.5
40,BK0902,BK,0.487,0.736,mid,504,0.0,0.719
41,BK0502,BK,0.756,0.792,high,116,0.206,0.962
42,BK1801,BK,0.185,0.97,low,228,0.95,0.5
43,BK1602,BK,0.949,0.756,high,195,0.82,1.213
44,BK0402,BK,0.716,0.731,high,425,0.756,0.983
45,BK1801,BK,0.185,0.97,low,130,0.585,0.5
46,BK1702,BK,0.259,0.827,low,172,0.402,0.5
47,BK1001,BK,0.467,0.279,mid,217,0.0,1.438
48,BK0502,BK,0.756,0.792,high,152,0.527,0.962
49,BK0505,BK,0.627,0.35,mid,473,0.0,1.554
50,BK1602,BK,0.949,0.756,high,137,0.854,1.213
51,BK0301,BK,0.751,0.766,high,546,0.0,0.984
52,BK0301,BK,0.751,0.766,high,225,0.471,0.984
53,BK0302,BK,0.66,0.685,mid,120,0.459,0.97
54,BK0502,BK,0.756,0.792,high,64,0.64,0.962
55,BK1001,BK,0.467,0.279,mid,988,0.832,1.438
56,BK1602,BK,0.949,0.756,high,166,0.514,1.213
57,BK1803,BK,0.142,0.888,low,98,0.053,0.5
58,BK1401,BK,0.401,0.777,mid,209,0.345,0.594
59,BK1402,BK,0.518,0.716,mid,87,0.746,0.771
60,BK1001,BK,0.467,0.279,mid,350,0.0,1.438
61,BK1803,BK,0.142,0.888,low,294,0.489,0.5
62,BK0802,BK,0.65,0.701,mid,355,0.169,0.94
63,BK1701,BK,0.416,0.954,mid,75,0.0,0.513
64,BK0503,BK,0.736,0.782,high,195,0.329,0.951
65,BK0301,BK,0.751,0.766,high,225,0.464,0.984
66,BK0501,BK,0.569,0.426,mid,288,0.92,1.248
67,BK1402,BK,0.518,0.716,mid,212,0.506,0.771
68,BK0302,BK,0.66,0.685,mid,99,0.566,0.97
69,BK0204,BK,0.269,0.609,low,191,0.47,0.552
70,BK1704,BK,0.645,0.858,mid,150,0.78,0.789
71,BK1401,BK,0.401,0.777,mid,102,0.618,0.594
72,BK0602,BK,0.076,0.772,low,268,0.695,0.5
73,BK1302,BK,0.888,0.741,high,488,0.551,1.165
74,BK0402,BK,0.716,0.731,high,238,0.489,0.983
75,BK0702,BK,0.627,0.467,mid,614,0.0,1.259
76,BK0204,BK,0.269,0.609,low,191,0.62,0.552
77,BK1803,BK,0.142,0.888,low,634,0.609,0.5
78,BK1203,BK,0.406,0.523,mid,219,0.771,0.826
79,BK0504,BK,0.853,0.508,high,209,0.378,1.524
80,BK1701,BK,0.416,0.954,mid,196,0.531,0.513
81,BK1704,BK,0.645,0.858,mid,172,0.856,0.789
82,BK0801,BK,0.096,0.553,low,232,0.55,0.5
83,BK1704,BK,0.645,0.858,mid,63,0.0,0.789
84,BK1701,BK,0.416,0.954,mid,234,0.0,0.513
85,BK0802,BK,0.65,0.701,mid,329,0.468,0.94
86,BK1801,BK,0.185,0.97,low,221,0.765,0.5
87,BK1601,BK,0.701,0.924,high,159,0.851,0.792
88,BK0401,BK,0.68,0.401,high,546,0.0,1.506
89,BK1402,BK,0.518,0.716,mid,248,0.723,0.771
90,BK0503,BK,0.736,0.782,high,109,0.747,0.951
91,BK1703,BK,0.35,0.904,mid,73,0.413,0.5
92,BK1401,BK,0.401,0.777,mid,68,0.908,0.594
93,BK1701,BK,0.416,0.954,mid,239,0.598,0.513
94,BK0802,BK,0.65,0.701,mid,240,0.446,0.94
95,BK0261,BK,0.5,0.5,low,139,0.334,1.0
96,BK1401,BK,0.401,0.777,mid,43,0.761,0.594
97,BK1401,BK,0.401,0.777,mid,147,0.572,0.594
98,BK1702,BK,0.259,0.827,low,103,0.689,0.5
99,BK0501,BK,0.569,0.426,mid,188,0.0,1.248
100,BX0503,BX,0.959,0.746,high,220,0.0,1.238
101,BX0201,BX,0.919,0.832,high,91,0.661,1.089
102,BK1101,BK,0.64,0.472,mid,692,0.0,1.27
103,BX0202,BX,0.97,0.985,high,162,0.0,0.987
104,BX0202,BX,0.97,0.985,high,158,0.792,0.987
105,BX0902,BX,0.848,0.538,high,474,0.764,1.451
106,BX0703,BX,0.863,0.579,high,191,0.592,1.39
107,BX0502,BX,0.939,0.614,high,259,0.216,1.425
108,BX0101,BX,0.99,0.934,high,288,0.743,1.052
109,BX0101,BX,0.99,0.934,high,247,0.457,1.052
110,BX0904,BX,0.787,0.416,high,163,0.617,1.655
111,BX0502,BX,0.939,0.614,high,195,0.0,1.425
112,BX0202,BX,0.97,0.985,high,138,0.334,0.987
113,BX0603,BX,0.98,0.873,high,297,0.468,1.105
114,BX0303,BX,0.924,0.883,high,110,0.281,1.04
115,BX0401,BX,0.898,0.761,high,150,0.0,1.15
116,BX0101,BX,0.99,0.934,high,141,0.798,1.052
117,BX0401,BX,0.898,0.761,high,169,0.869,1.15
118,BX0102,BX,0.985,0.959,high,244,0.0,1.023
119,MN0902,NY,0.904,0.909,high,466,0.351,0.995
120,MN1001,NY,0.609,0.939,mid,213,0.0,0.697
121,MN0202,NY,0.102,0.406,low,45,0.49,0.5
122,MN1002,NY,0.843,0.929,high,127,0.363,0.92
123,MN1203,NY,0.726,0.518,high,254,0.729,1.311
124,MN1202,NY,0.706,0.396,high,251,0.47,1.568
125,MN1002,NY,0.843,0.929,high,395,0.25,0.92
126,MN0901,NY,0.772,0.975,high,198,0.771,0.82
127,MN1201,NY,0.914,0.558,high,582,0.594,1.503
128,MN0302,NY,0.766,0.751,high,198,0.343,1.017
129,MN0903,NY,0.812,0.589,high,224,0.318,1.302
130,MN1002,NY,0.843,0.929,high,132,0.675,0.92
131,MN1102,NY,0.909,0.949,high,306,0.597,0.964
132,BK1301,BK,0.67,0.853,high,913,0.784,0.818
133,BK0902,BK,0.487,0.736,mid,142,0.628,0.719
134,BK0502,BK,0.756,0.792,high,165,0.0,0.962
135,BK0301,BK,0.751,0.766,high,144,0.579,0.984
136,BK0504,BK,0.853,0.508,high,72,0.262,1.524
137,BK0301,BK,0.751,0.766,high,166,0.784,0.984
138,BK0602,BK,0.076,0.772,low,195,0.645,0.5
139,BK0102,BK,0.513,0.305,mid,320,0.901,1.457
140,BK1401,BK,0.401,0.777,mid,198,0.0,0.594
141,BK1601,BK,0.701,0.924,high,147,0.764,0.792
142,BK0302,BK,0.66,0.685,mid,290,0.348,0.97
143,BK1702,BK,0.259,0.827,low,76,0.439,0.5
144,BK0901,BK,0.655,0.807,mid,104,0.646,0.841
145,BK1701,BK,0.416,0.954,mid,77,0.337,0.513
146,BK0301,BK,0.751,0.766,high,221,0.764,0.984
147,BK0703,BK,0.807,0.492,high,604,0.549,1.491
148,BK0202,BK,0.426,0.604,mid,268,0.413,0.764
149,BK0103,BK,0.929,0.548,high,336,0.0,1.546
150,BK1801,BK,0.185,0.97,low,89,0.0,0.5
151,BK0104,BK,0.797,0.721,high,1345,0.0,1.087
152,BK1703,BK,0.35,0.904,mid,54,0.868,0.5
153,BK1601,BK,0.701,0.924,high,92,0.774,0.792
154,BK1602,BK,0.949,0.756,high,202,0.575,1.213
155,BK0901,BK,0.655,0.807,mid,305,0.153,0.841
156,BK1703,BK,0.35,0.904,mid,82,0.295,0.5
157,BX0101,BX,0.99,0.934,high,116,0.732,1.052
158,BX1202,BX,0.558,0.513,mid,221,0.706,1.068
159,BX0603,BX,0.98,0.873,high,720,0.0,1.105
160,BX0201,BX,0.919,0.832,high,121,0.862,1.089
161,BX1201,BX,0.721,0.65,high,288,0.282,1.089
162,BX0302,BX,0.995,0.797,high,311,0.0,1.209
163,BX0101,BX,0.99,0.934,high,313,0.0,1.052
164,BX0102,BX,0.985,0.959,high,163,0.926,1.023
165,BX0703,BX,0.863,0.579,high,404,0.664,1.39
166,BX0901,BX,0.858,0.457,high,314,0.707,1.661
167,BX1004,BX,0.315,0.244,low,176,0.0,1.18
168,BX0501,BX,0.954,0.421,high,476,0.0,1.933
169,BX0901,BX,0.858,0.457,high,280,0.619,1.661
170,BX0503,BX,0.959,0.746,high,310,0.532,1.238
171,BX0903,BX,0.802,0.574,high,188,0.681,1.315
172,BX0602,BX,0.964,0.863,high,225,0.508,1.1
173,BX0202,BX,0.97,0.985,high,97,0.0,0.987
174,BX0102,BX,0.985,0.959,high,386,0.0,1.023
175,BX1202,BX,0.558,0.513,mid,217,0.7,1.068
176,BX0403,BX,0.934,0.584,high,217,0.144,1.477
177,BX0101,BX,0.99,0.934,high,310,0.68,1.052
178,BX0302,BX,0.995,0.797,high,211,0.226,1.209
179,BX0903,BX,0.802,0.574,high,286,0.0,1.315
180,BX0301,BX,0.975,0.964,high,392,0.193,1.01
181,BX0402,BX,0.883,0.665,high,149,0.678,1.267
182,BX0703,BX,0.863,0.579,high,186,0.805,1.39
183,BX0301,BX,0.975,0.964,high,315,0.837,1.01
184,BX0303,BX,0.924,0.883,high,253,0.652,1.04
185,BX0904,BX,0.787,0.416,high,124,0.0,1.655
186,QN1202,QN,0.482,0.914,mid,186,0.479,0.594
187,QN0901,QN,0.31,0.69,low,164,0.0,0.548
188,QN1103,QN,0.086,0.848,low,354,0.768,0.5
189,MN0402,NY,0.574,0.569,mid,269,0.582,1.007
190,QN0105,QN,0.777,1.0,high,201,0.0,0.806
191,QN0105,QN,0.777,1.0,high,214,0.0,0.806
192,QN0105,QN,0.777,1.0,high,394,0.442,0.806
193,QN0202,QN,0.462,0.477,mid,708,0.418,0.976
194,QN0202,QN,0.462,0.477,mid,143,0.687,0.976
195,MN0902,NY,0.904,0.909,high,210,0.221,0.995
196,MN0401,NY,0.454,0.817,mid,82,0.066,0.625
197,QN1401,QN,0.685,0.893,high,19,0.734,0.801
198,QN1303,QN,0.117,0.706,low,85,0.427,0.5
199,QN1303,QN,0.117,0.706,low,106,0.588,0.5
200,BX1004,BX,0.315,0.244,low,201,0.0,1.18
201,QN0902,QN,0.355,0.66,mid,261,0.833,0.623
202,QN0902,QN,0.355,0.66,mid,106,0.375,0.623
203,BX0601,BX,1.0,0.68,high,175,0.491,1.386
204,QN1001,QN,0.325,0.33,low,65,0.38,0.99
205,QN1203,QN,0.162,0.919,low,60,0.331,0.5
206,QN0203,QN,0.277,0.213,low,493,0.0,1.176
207,QN0202,QN,0.462,0.477,mid,183,0.736,0.976
208,BK1801,BK,0.185,0.97,low,63,0.443,0.5
209,BK1303,BK,0.822,0.188,high,89,0.632,2.876
210,BK1503,BK,0.421,0.096,mid,204,0.4,2.321
211,BK1801,BK,0.185,0.97,low,153,0.478,0.5
212,BK0901,BK,0.655,0.807,mid,51,0.845,0.841
213,BK1103,BK,0.675,0.822,high,1094,0.364,0.849
214,BK0901,BK,0.655,0.807,mid,52,0.0,0.841
215,BK1101,BK,0.64,0.472,mid,363,0.565,1.27
216,BK1202,BK,0.832,0.345,high,439,0.653,1.984
217,BX1101,BX,0.741,0.31,high,486,0.678,1.937
218,MN1202,NY,0.706,0.396,high,746,0.212,1.568
219,MN0303,NY,0.746,0.64,high,376,0.258,1.134
220,QN0602,QN,0.234,0.98,low,551,0.409,0.5
221,QN1401,QN,0.685,0.893,high,210,0.38,0.801
222,SI0203,SI,0.178,0.99,low,409,0.606,0.5
223,SI0304,SI,0.025,0.112,low,64,0.595,0.668
224,QN0602,QN,0.234,0.98,low,94,0.275,0.5
225,BK0301,BK,0.751,0.766,high,133,0.19,0.984
226,BX0102,BX,0.985,0.959,high,156,0.526,1.023
227,BX0102,BX,0.985,0.959,high,123,0.408,1.023
228,MN1203,NY,0.726,0.518,high,197,0.531,1.311
229,MN0903,NY,0.812,0.589,high,293,0.0,1.302
230,QN0102,QN,0.695,0.386,high,316,0.558,1.576
231,QN0105,QN,0.777,1.0,high,140,0.494,0.806
232,SI0102,SI,0.665,0.995,mid,75,0.587,0.712
233,BK0802,BK,0.65,0.701,mid,36,0.0,0.94
234,BK0601,BK,0.411,0.843,mid,27,0.787,0.565
235,BK1704,BK,0.645,0.858,mid,30,0.0,0.789
236,BK1601,BK,0.701,0.924,high,22,0.591,0.792
237,BK1601,BK,0.701,0.924,high,17,0.57,0.792
238,BK1703,BK,0.35,0.904,mid,17,0.128,0.5
239,BX1202,BX,0.558,0.513,mid,10,0.87,1.068
240,BX0202,BX,0.97,0.985,high,33,0.0,0.987
241,BX0303,BX,0.924,0.883,high,27,0.0,1.04
242,BX0901,BX,0.858,0.457,high,216,0.614,1.661
243,BX0402,BX,0.883,0.665,high,23,0.138,1.267
244,BK1602,BK,0.949,0.756,high,27,0.366,1.213
245,BK1701,BK,0.416,0.954,mid,26,0.0,0.513
246,MN0702,NY,0.198,0.533,low,10,0.375,0.51
247,MN0703,NY,0.617,0.711,mid,28,0.596,0.891
248,MN0801,NY,0.239,0.629,low,22,0.364,0.5
249,MN0303,NY,0.746,0.64,high,34,0.819,1.134
250,MN0702,NY,0.198,0.533,low,16,0.0,0.51
251,MN0604,NY,0.203,0.944,low,47,0.45,0.5
252,BK0302,BK,0.66,0.685,mid,32,0.666,0.97
253,BK0502,BK,0.756,0.792,high,10,0.296,0.962
254,BK0502,BK,0.756,0.792,high,13,0.681,0.962
255,BK0202,BK,0.426,0.604,mid,17,0.362,0.764
256,BK0301,BK,0.751,0.766,high,10,0.58,0.984
257,MN0802,NY,0.056,0.528,low,35,0.56,0.5
258,BK0402,BK,0.716,0.731,high,37,0.651,0.983
259,BK0703,BK,0.807,0.492,high,30,0.588,1.491
260,BK0402,BK,0.716,0.731,high,187,0.82,0.983
261,BX0503,BX,0.959,0.746,high,48,0.0,1.238
262,BX0601,BX,1.0,0.68,high,23,0.818,1.386
263,BX0301,BX,0.975,0.964,high,86,0.464,1.01
264,BX0702,BX,0.878,0.898,high,40,0.198,0.981
265,BX0101,BX,0.99,0.934,high,18,0.512,1.052
266,BX1201,BX,0.721,0.65,high,14,0.79,1.089
267,BX0301,BX,0.975,0.964,high,26,0.0,1.01
268,MN0702,NY,0.198,0.533,low,12,0.476,0.51
269,MN0901,NY,0.772,0.975,high,29,0.588,0.82
270,MN0604,NY,0.203,0.944,low,11,0.0,0.5
271,MN1001,NY,0.609,0.939,mid,27,0.639,0.697
272,MN1102,NY,0.909,0.949,high,33,0.458,0.964
273,MN0401,NY,0.454,0.817,mid,37,0.536,0.625
274,MN1002,NY,0.843,0.929,high,10,0.282,0.92
275,MN0701,NY,0.33,0.193,low,20,0.448,1.399
276,MN1101,NY,0.873,0.695,high,21,0.861,1.211
277,MN1002,NY,0.843,0.929,high,139,0.83,0.92
278,MN0402,NY,0.574,0.569,mid,10,0.0,1.007
279,MN0203,NY,0.284,0.497,low,23,0.48,0.671
280,MN0803,NY,0.228,0.371,low,20,0.0,0.726
281,MN0303,NY,0.746,0.64,high,24,0.742,1.134
282,MN0501,NY,0.376,0.635,mid,16,0.626,0.67
283,QN0303,QN,0.533,0.594,mid,21,0.711,0.918
284,QN1201,QN,0.731,0.655,high,12,0.817,1.094
285,QN1202,QN,0.482,0.914,mid,10,0.323,0.594
286,QN1203,QN,0.162,0.919,low,10,0.928,0.5
287,BX0401,BX,0.898,0.761,high,29,0.451,1.15
288,QN0301,QN,0.591,0.452,mid,56,0.357,1.231
289,SI0102,SI,0.665,0.995,mid,12,0.733,0.712
290,SI0102,SI,0.665,0.995,mid,12,0.334,0.712
291,SI0102,SI,0.665,0.995,mid,25,0.342,0.712
292,BK1501,BK,0.635,0.645,mid,23,0.795,0.987
293,BX0102,BX,0.985,0.959,high,15,0.534,1.023
294,BX0402,BX,0.883,0.665,high,115,0.299,1.267
295,BX0102,BX,0.985,0.959,high,85,0.859,1.023
296,MN0402,NY,0.574,0.569,mid,278,0.097,1.007
297,BK1101,BK,0.64,0.472,mid,561,0.423,1.27
298,BK1802,BK,0.051,0.67,low,526,0.573,0.5
299,BK0901,BK,0.655,0.807,mid,173,0.192,0.841
300,BK1803,BK,0.142,0.888,low,734,0.0,0.5
301,BK0504,BK,0.853,0.508,high,115,0.424,1.524
302,MN1201,NY,0.914,0.558,high,445,0.857,1.503
303,MN0803,NY,0.228,0.371,low,273,0.0,0.726
304,MN1102,NY,0.909,0.949,high,290,0.0,0.964
305,MN1101,NY,0.873,0.695,high,237,0.469,1.211
306,MN0401,NY,0.454,0.817,mid,216,0.0,0.625
307,MN1001,NY,0.609,0.939,mid,49,0.474,0.697
308,MN0303,NY,0.746,0.64,high,155,0.876,1.134
309,MN0302,NY,0.766,0.751,high,311,0.61,1.017
310,MN1001,NY,0.609,0.939,mid,169,0.626,0.697
311,MN0402,NY,0.574,0.569,mid,210,0.526,1.007
312,MN1101,NY,0.873,0.695,high,402,0.883,1.211
313,MN1002,NY,0.843,0.929,high,150,0.62,0.92
314,MN0501,NY,0.376,0.635,mid,147,0.0,0.67
315,MN1002,NY,0.843,0.929,high,142,0.724,0.92
316,MN1102,NY,0.909,0.949,high,614,0.551,0.964
317,MN0203,NY,0.284,0.497,low,174,0.75,0.671
318,MN0302,NY,0.766,0.751,high,165,0.0,1.017
319,MN1203,NY,0.726,0.518,high,113,0.295,1.311
320,MN1002,NY,0.843,0.929,high,235,0.576,0.92
321,QN0502,QN,0.538,0.299,mid,87,0.402,1.532
322,QN1205,QN,0.015,0.878,low,74,0.0,0.5
323,QN1206,QN,0.292,0.868,low,94,0.906,0.5
324,QN1202,QN,0.482,0.914,mid,141,0.732,0.594
325,QN1402,QN,0.782,0.442,high,157,0.95,1.574
326,QN1202,QN,0.482,0.914,mid,59,0.79,0.594
327,QN1202,QN,0.482,0.914,mid,235,0.344,0.594
328,QN1204,QN,0.254,0.624,low,130,0.729,0.522
329,QN0502,QN,0.538,0.299,mid,162,0.744,1.532
330,QN0104,QN,0.563,0.437,mid,276,0.421,1.215
331,QN0303,QN,0.533,0.594,mid,228,0.577,0.918
332,QN1205,QN,0.015,0.878,low,73,0.834,0.5
333,QN1201,QN,0.731,0.655,high,79,0.492,1.094
334,QN0602,QN,0.234,0.98,low,163,0.651,0.5
335,QN1205,QN,0.015,0.878,low,135,0.891,0.5
336,QN1206,QN,0.292,0.868,low,110,0.484,0.5
337,QN1305,QN,0.005,0.675,low,38,0.636,0.5
338,QN0707,QN,0.761,0.228,high,322,0.334,2.41
339,QN1201,QN,0.731,0.655,high,171,0.67,1.094
340,QN1401,QN,0.685,0.893,high,157,0.604,0.801
341,QN1201,QN,0.731,0.655,high,130,0.446,1.094
342,QN1305,QN,0.005,0.675,low,83,0.42,0.5
343,QN1201,QN,0.731,0.655,high,78,0.347,1.094
344,QN1206,QN,0.292,0.868,low,37,0.489,0.5
345,QN1001,QN,0.325,0.33,low,63,0.945,0.99
346,QN1305,QN,0.005,0.675,low,114,0.533,0.5
347,QN0401,QN,0.431,0.36,mid,272,0.0,1.139
348,QN1204,QN,0.254,0.624,low,155,0.0,0.522
349,QN1204,QN,0.254,0.624,low,149,0.552,0.522
350,QN1303,QN,0.117,0.706,low,129,0.512,0.5
351,QN1203,QN,0.162,0.919,low,89,0.0,0.5
352,QN0302,QN,0.365,0.543,mid,139,0.0,0.743
353,QN1305,QN,0.005,0.675,low,103,0.0,0.5
354,QN1303,QN,0.117,0.706,low,184,0.679,0.5
355,QN1206,QN,0.292,0.868,low,129,0.758,0.5
356,QN1203,QN,0.162,0.919,low,164,0.432,0.5
357,QN1402,QN,0.782,0.442,high,447,0.412,1.574
358,QN0705,QN,0.579,0.325,mid,380,0.85,1.535
359,QN1203,QN,0.162,0.919,low,136,0.602,0.5
360,QN0303,QN,0.533,0.594,mid,135,0.429,0.918
361,QN0801,QN,0.32,0.838,low,210,0.895,0.5
362,QN1001,QN,0.325,0.33,low,135,0.934,0.99
363,QN1201,QN,0.731,0.655,high,70,0.626,1.094
364,QN1307,QN,0.036,0.315,low,88,0.0,0.5
365,QN0104,QN,0.563,0.437,mid,411,0.382,1.215
366,QN1203,QN,0.162,0.919,low,125,0.0,0.5
367,QN1205,QN,0.015,0.878,low,116,0.752,0.5
368,QN1206,QN,0.292,0.868,low,84,0.581,0.5
369,QN1305,QN,0.005,0.675,low,133,0.408,0.5
370,QN1206,QN,0.292,0.868,low,80,0.0,0.5
371,SI0302,SI,0.071,0.137,low,326,0.692,0.77
372,SI0107,SI,0.388,0.107,mid,192,0.437,2.093
373,SI0201,SI,0.264,0.365,low,156,0.45,0.804
374,SI0102,SI,0.665,0.995,mid,86,0.465,0.712
375,SI0104,SI,0.185,0.447,low,261,0.521,0.561
376,SI0101,SI,0.711,0.726,high,62,0.699,0.983
377,SI0304,SI,0.025,0.112,low,319,0.674,0.668
378,SI0102,SI,0.665,0.995,mid,128,0.628,0.712
379,BK1702,BK,0.259,0.827,low,83,0.546,0.5
380,BX0101,BX,0.99,0.934,high,647,0.706,1.052
381,MN1002,NY,0.843,0.929,high,276,0.512,0.92
382,SI0106,SI,0.617,0.787,mid,121,0.671,0.819
383,BK1302,BK,0.888,0.741,high,270,0.0,1.165
384,BK0301,BK,0.751,0.766,high,10,0.0,0.984
385,BK1703,BK,0.35,0.904,mid,11,0.365,0.5
386,BK0502,BK,0.756,0.792,high,10,0.74,0.962
387,QN0904,QN,0.497,0.355,mid,430,0.0,1.281
388,BX1103,BX,0.299,0.482,low,416,0.51,0.71
389,BK0302,BK,0.66,0.685,mid,153,0.0,0.97
390,QN0302,QN,0.365,0.543,mid,121,0.428,0.743
391,BK1701,BK,0.416,0.954,mid,75,0.0,0.513
392,MN0901,NY,0.772,0.975,high,282,0.67,0.82
393,BK0503,BK,0.736,0.782,high,251,0.335,0.951
394,BK0502,BK,0.756,0.792,high,167,0.557,0.962
395,MN0302,NY,0.766,0.751,high,302,0.553,1.017
396,BK0502,BK,0.756,0.792,high,52,0.0,0.962
397,BX0501,BX,0.954,0.421,high,244,0.0,1.933
398,QN1002,QN,0.249,0.142,low,128,0.0,1.366
399,BK1203,BK,0.406,0.523,mid,100,0.769,0.826
400,BK0301,BK,0.751,0.766,high,88,0.59,0.984
401,BK1703,BK,0.35,0.904,mid,73,0.0,0.5
402,QN0804,QN,0.277,0.254,low,65,0.0,1.057
403,BX0904,BX,0.787,0.416,high,116,0.709,1.655
404,QN1202,QN,0.482,0.914,mid,50,0.883,0.594
405,BK1101,BK,0.64,0.472,mid,96,0.645,1.27
406,SI0106,SI,0.617,0.787,mid,78,0.193,0.819
407,BK0601,BK,0.411,0.843,mid,227,0.449,0.565
408,BX0801,BX,0.827,0.391,high,456,0.509,1.806
409,BK1203,BK,0.406,0.523,mid,772,0.368,0.826
410,BK1101,BK,0.64,0.472,mid,116,0.0,1.27
411,QN0502,QN,0.538,0.299,mid,35,0.0,1.532
412,QN0504,QN,0.157,0.284,low,388,0.0,0.707
413,QN1001,QN,0.325,0.33,low,242,0.538,0.99
414,BX1001,BX,0.792,0.168,high,191,0.174,2.962
415,BK0502,BK,0.756,0.792,high,183,0.501,0.962
416,QN1202,QN,0.482,0.914,mid,76,0.436,0.594
417,BK1701,BK,0.416,0.954,mid,101,0.0,0.513
418,BK1801,BK,0.185,0.97,low,121,0.329,0.5
419,BX0902,BX,0.848,0.538,high,325,0.607,1.451
420,QN1303,QN,0.117,0.706,low,84,0.357,0.5
421,QN1304,QN,0.01,0.563,low,88,0.816,0.5
422,BX0902,BX,0.848,0.538,high,178,0.0,1.451
423,QN1205,QN,0.015,0.878,low,93,0.561,0.5
424,BK1703,BK,0.35,0.904,mid,184,0.477,0.5
425,BK1602,BK,0.949,0.756,high,156,0.424,1.213
426,BK1204,BK,0.551,0.289,mid,332,0.0,1.597
427,SI0101,SI,0.711,0.726,high,217,0.745,0.983
428,QN1205,QN,0.015,0.878,low,85,0.186,0.5
429,QN0502,QN,0.538,0.299,mid,120,0.0,1.532
430,MN0203,NY,0.284,0.497,low,14,0.128,0.671
431,QN0301,QN,0.591,0.452,mid,685,0.263,1.231
432,MN0401,NY,0.454,0.817,mid,103,0.793,0.625
433,BK1402,BK,0.518,0.716,mid,147,0.0,0.771
434,BX1201,BX,0.721,0.65,high,147,0.469,1.089
435,BX0701,BX,0.944,0.619,high,154,0.414,1.423
436,BK0503,BK,0.736,0.782,high,53,0.548,0.951
437,BK0503,BK,0.736,0.782,high,223,0.795,0.951
438,QN0903,QN,0.36,0.411,mid,239,0.765,0.909
439,BX1103,BX,0.299,0.482,low,89,0.653,0.71
440,BX0402,BX,0.883,0.665,high,109,0.432,1.267
441,BK0203,BK,0.591,0.802,mid,116,0.494,0.778
442,BX0202,BX,0.97,0.985,high,50,0.897,0.987
443,BX0503,BX,0.959,0.746,high,82,0.632,1.238
444,BK0202,BK,0.426,0.604,mid,83,0.479,0.764
445,BK0503,BK,0.736,0.782,high,123,0.0,0.951
446,BK0802,BK,0.65,0.701,mid,617,0.95,0.94
447,MN1102,NY,0.909,0.949,high,264,0.226,0.964
448,QN0902,QN,0.355,0.66,mid,97,0.711,0.623
449,QN1201,QN,0.731,0.655,high,155,0.653,1.094
450,BK1303,BK,0.822,0.188,high,123,0.466,2.876
451,BK1602,BK,0.949,0.756,high,72,0.557,1.213
452,SI0102,SI,0.665,0.995,mid,84,0.734,0.712
453,BK0601,BK,0.411,0.843,mid,137,0.505,0.565
454,BX0903,BX,0.802,0.574,high,152,0.559,1.315
455,SI0202,SI,0.129,0.122,low,157,0.253,1.026
456,BK0702,BK,0.627,0.467,mid,407,0.241,1.259
457,QN0804,QN,0.277,0.254,low,150,0.0,1.057
458,QN0801,QN,0.32,0.838,low,179,0.452,0.5
459,BX1201,BX,0.721,0.65,high,198,0.0,1.089
460,QN1205,QN,0.015,0.878,low,139,0.0,0.5
461,BX1203,BX,0.525,0.381,mid,382,0.859,1.271
462,QN0302,QN,0.365,0.543,mid,232,0.669,0.743
463,MN1001,NY,0.609,0.939,mid,17,0.577,0.697
464,BX0403,BX,0.934,0.584,high,296,0.846,1.477
465,MN0303,NY,0.746,0.64,high,206,0.612,1.134
466,BX0501,BX,0.954,0.421,high,374,0.933,1.933
467,SI0102,SI,0.665,0.995,mid,16,0.362,0.712
468,BX0602,BX,0.964,0.863,high,183,0.211,1.1
469,BX0502,BX,0.939,0.614,high,193,0.327,1.425
470,MN0302,NY,0.766,0.751,high,487,0.568,1.017
471,BX0904,BX,0.787,0.416,high,257,0.723,1.655
472,BK0601,BK,0.411,0.843,mid,196,0.399,0.565
473,BK0204,BK,0.269,0.609,low,272,0.321,0.552
474,BX1202,BX,0.558,0.513,mid,82,0.474,1.068
475,BX1002,BX,0.525,0.132,mid,972,0.378,2.394
476,BK1302,BK,0.888,0.741,high,550,0.629,1.165
477,BK1402,BK,0.518,0.716,mid,66,0.262,0.771
478,BX0201,BX,0.919,0.832,high,155,0.233,1.089
479,BX0602,BX,0.964,0.863,high,496,0.859,1.1
480,QN0401,QN,0.431,0.36,mid,311,0.167,1.139
481,MN1002,NY,0.843,0.929,high,140,0.742,0.92
482,MN1203,NY,0.726,0.518,high,180,0.0,1.311
483,BK1703,BK,0.35,0.904,mid,33,0.28,0.5
484,BX1203,BX,0.525,0.381,mid,298,0.0,1.271
485,QN1303,QN,0.117,0.706,low,124,0.604,0.5
486,BK0503,BK,0.736,0.782,high,238,0.61,0.951
487,QN1307,QN,0.036,0.315,low,110,0.0,0.5
488,QN1302,QN,0.193,0.208,low,268,0.761,0.958
489,QN0301,QN,0.591,0.452,mid,146,0.0,1.231
490,BK0301,BK,0.751,0.766,high,64,0.0,0.984
491,BX0402,BX,0.883,0.665,high,363,0.86,1.267
492,QN0704,QN,0.437,0.127,mid,232,0.884,2.119
493,BX0803,BX,0.147,0.34,low,375,0.492,0.606
494,BK0901,BK,0.655,0.807,mid,172,0.0,0.841
495,MN0902,NY,0.904,0.909,high,262,0.642,0.995
496,BK1601,BK,0.701,0.924,high,111,0.499,0.792
497,MN0802,NY,0.056,0.528,low,13,0.14,0.5
498,MN0501,NY,0.376,0.635,mid,338,0.0,0.67
499,MN1201,NY,0.914,0.558,high,754,0.654,1.503
500,SI0101,SI,0.711,0.726,high,167,0.246,0.983
501,SI0201,SI,0.264,0.365,low,185,0.0,0.804
502,QN1303,QN,0.117,0.706,low,92,0.533,0.5
503,BK1202,BK,0.832,0.345,high,694,0.768,1.984
504,QN0401,QN,0.431,0.36,mid,267,0.598,1.139
505,BK1702,BK,0.259,0.827,low,113,0.679,0.5
506,BK1701,BK,0.416,0.954,mid,88,0.604,0.513
507,BK0401,BK,0.68,0.401,high,455,0.622,1.506
508,BX0303,BX,0.924,0.883,high,123,0.0,1.04
509,QN0902,QN,0.355,0.66,mid,241,0.706,0.623
510,QN1303,QN,0.117,0.706,low,77,0.761,0.5
511,BK1601,BK,0.701,0.924,high,154,0.551,0.792
512,QN1203,QN,0.162,0.919,low,266,0.699,0.5
513,BX0401,BX,0.898,0.761,high,103,0.0,1.15
514,QN1304,QN,0.01,0.563,low,93,0.124,0.5
515,BX0702,BX,0.878,0.898,high,258,0.0,0.981
516,QN1201,QN,0.731,0.655,high,56,0.217,1.094
517,QN1203,QN,0.162,0.919,low,109,0.605,0.5
518,QN1402,QN,0.782,0.442,high,178,0.288,1.574
519,BX0502,BX,0.939,0.614,high,273,0.435,1.425
520,QN1203,QN,0.162,0.919,low,99,0.16,0.5
521,BX0102,BX,0.985,0.959,high,80,0.0,1.023
522,BX0202,BX,0.97,0.985,high,221,0.797,0.987
523,BX0403,BX,0.934,0.584,high,286,0.0,1.477
524,QN1203,QN,0.162,0.919,low,186,0.357,0.5
525,BK1702,BK,0.259,0.827,low,49,0.578,0.5
526,BX0403,BX,0.934,0.584,high,421,0.0,1.477
527,BK1602,BK,0.949,0.756,high,62,0.328,1.213
